# recorded by engine/hr_bridge.py from BLE heart-rate straps (real data, not synthetic). Keyed by athlete id; get consent before committing.
ts,athlete_id,hr_bpm,device,replay,synthetic,rr_ms,sensor_contact
2026-10-03T22:31:27-04:00,a07,81,Amazfit Helio Strap,false,false,,
2026-10-03T22:31:28-04:00,a07,82,Amazfit Helio Strap,false,false,,
2026-10-03T22:31:30-04:00,a07,82,Amazfit Helio Strap,false,false,,
2026-10-03T22:31:30-04:00,a07,82,Amazfit Helio Strap,false,false,,
2026-10-03T22:31:32-04:00,a07,81,Amazfit Helio Strap,false,false,,
2026-10-03T22:31:32-04:00,a07,81,Amazfit Helio Strap,false,false,,
2026-10-03T22:31:34-04:00,a07,81,Amazfit Helio Strap,false,false,,
2026-10-03T22:31:35-04:00,a07,81,Amazfit Helio Strap,false,false,,
2026-10-03T22:31:36-04:00,a07,81,Amazfit Helio Strap,false,false,,
2026-10-03T22:31:37-04:00,a07,80,Amazfit Helio Strap,false,false,,
2026-10-03T22:31:38-04:00,a07,80,Amazfit Helio Strap,false,false,,
2026-10-03T22:31:39-04:00,a07,78,Amazfit Helio Strap,false,false,,
2026-10-03T22:31:40-04:00,a07,77,Amazfit Helio Strap,false,false,,
2026-10-03T22:31:41-04:00,a07,76,Amazfit Helio Strap,false,false,,
2026-10-03T22:31:42-04:00,a07,76,Amazfit Helio Strap,false,false,,
2026-10-03T22:31:43-04:00,a07,76,Amazfit Helio Strap,false,false,,
2026-10-03T22:31:44-04:00,a07,76,Amazfit Helio Strap,false,false,,
2026-10-03T22:31:45-04:00,a07,76,Amazfit Helio Strap,false,false,,
2026-10-03T22:31:46-04:00,a07,76,Amazfit Helio Strap,false,false,,
2026-10-03T22:31:47-04:00,a07,75,Amazfit Helio Strap,false,false,,
2026-10-03T22:31:48-04:00,a07,76,Amazfit Helio Strap,false,false,,
2026-10-03T22:31:49-04:00,a07,76,Amazfit Helio Strap,false,false,,
2026-10-03T22:31:50-04:00,a07,75,Amazfit Helio Strap,false,false,,
2026-10-03T22:31:51-04:00,a07,76,Amazfit Helio Strap,false,false,,
2026-10-03T22:31:52-04:00,a07,79,Amazfit Helio Strap,false,false,,
2026-10-03T22:31:53-04:00,a07,80,Amazfit Helio Strap,false,false,,
2026-10-03T22:31:54-04:00,a07,80,Amazfit Helio Strap,false,false,,
2026-10-03T22:31:55-04:00,a07,77,Amazfit Helio Strap,false,false,,
2026-10-03T22:31:56-04:00,a07,75,Amazfit Helio Strap,false,false,,
2026-10-03T22:31:57-04:00,a07,73,Amazfit Helio Strap,false,false,,
2026-10-03T22:31:58-04:00,a07,71,Amazfit Helio Strap,false,false,,
2026-10-03T22:31:59-04:00,a07,72,Amazfit Helio Strap,false,false,,
2026-10-03T22:32:00-04:00,a07,72,Amazfit Helio Strap,false,false,,
2026-10-03T22:32:01-04:00,a07,73,Amazfit Helio Strap,false,false,,
2026-10-03T22:32:02-04:00,a07,73,Amazfit Helio Strap,false,false,,
2026-10-03T22:32:03-04:00,a07,73,Amazfit Helio Strap,false,false,,
2026-10-03T22:32:04-04:00,a07,73,Amazfit Helio Strap,false,false,,
2026-10-03T22:32:05-04:00,a07,73,Amazfit Helio Strap,false,false,,
2026-10-03T22:32:06-04:00,a07,73,Amazfit Helio Strap,false,false,,
2026-10-03T22:32:07-04:00,a07,72,Amazfit Helio Strap,false,false,,
2026-10-03T22:32:08-04:00,a07,71,Amazfit Helio Strap,false,false,,
2026-10-03T22:32:09-04:00,a07,70,Amazfit Helio Strap,false,false,,
2026-10-03T22:32:10-04:00,a07,70,Amazfit Helio Strap,false,false,,
2026-10-03T22:32:11-04:00,a07,69,Amazfit Helio Strap,false,false,,
2026-10-03T22:32:12-04:00,a07,69,Amazfit Helio Strap,false,false,,
2026-10-03T22:32:13-04:00,a07,70,Amazfit Helio Strap,false,false,,
2026-10-03T22:32:14-04:00,a07,71,Amazfit Helio Strap,false,false,,
2026-10-03T22:32:15-04:00,a07,72,Amazfit Helio Strap,false,false,,
2026-10-03T22:32:16-04:00,a07,71,Amazfit Helio Strap,false,false,,
2026-10-03T22:32:17-04:00,a07,72,Amazfit Helio Strap,false,false,,
2026-10-03T22:32:18-04:00,a07,71,Amazfit Helio Strap,false,false,,
2026-10-03T22:32:19-04:00,a07,70,Amazfit Helio Strap,false,false,,
2026-10-03T22:32:20-04:00,a07,69,Amazfit Helio Strap,false,false,,
2026-10-03T22:32:21-04:00,a07,69,Amazfit Helio Strap,false,false,,
2026-10-03T22:32:22-04:00,a07,69,Amazfit Helio Strap,false,false,,
2026-10-03T22:32:23-04:00,a07,71,Amazfit Helio Strap,false,false,,
2026-10-03T22:32:24-04:00,a07,72,Amazfit Helio Strap,false,false,,
2026-10-03T22:32:25-04:00,a07,72,Amazfit Helio Strap,false,false,,
2026-10-03T22:32:26-04:00,a07,71,Amazfit Helio Strap,false,false,,
2026-10-03T22:32:27-04:00,a07,71,Amazfit Helio Strap,false,false,,
2026-10-03T22:32:28-04:00,a07,71,Amazfit Helio Strap,false,false,,
2026-10-03T22:32:29-04:00,a07,73,Amazfit Helio Strap,false,false,,
2026-10-03T22:32:30-04:00,a07,75,Amazfit Helio Strap,false,false,,
2026-10-03T22:32:31-04:00,a07,78,Amazfit Helio Strap,false,false,,
2026-10-03T22:32:32-04:00,a07,80,Amazfit Helio Strap,false,false,,
2026-10-03T22:32:33-04:00,a07,82,Amazfit Helio Strap,false,false,,
2026-10-03T22:32:34-04:00,a07,83,Amazfit Helio Strap,false,false,,
2026-10-03T22:32:35-04:00,a07,84,Amazfit Helio Strap,false,false,,
2026-10-03T22:32:36-04:00,a07,84,Amazfit Helio Strap,false,false,,
2026-10-03T22:32:37-04:00,a07,83,Amazfit Helio Strap,false,false,,
2026-10-03T22:32:38-04:00,a07,83,Amazfit Helio Strap,false,false,,
2026-10-03T22:32:39-04:00,a07,83,Amazfit Helio Strap,false,false,,
2026-10-03T22:32:40-04:00,a07,83,Amazfit Helio Strap,false,false,,
2026-10-03T22:32:41-04:00,a07,83,Amazfit Helio Strap,false,false,,
2026-10-03T22:32:42-04:00,a07,83,Amazfit Helio Strap,false,false,,
2026-10-03T22:32:43-04:00,a07,83,Amazfit Helio Strap,false,false,,
2026-10-03T22:32:44-04:00,a07,83,Amazfit Helio Strap,false,false,,
2026-10-03T22:32:45-04:00,a07,84,Amazfit Helio Strap,false,false,,
2026-10-03T22:32:46-04:00,a07,85,Amazfit Helio Strap,false,false,,
2026-10-03T22:32:47-04:00,a07,85,Amazfit Helio Strap,false,false,,
2026-10-03T22:32:48-04:00,a07,86,Amazfit Helio Strap,false,false,,
2026-10-03T22:32:49-04:00,a07,86,Amazfit Helio Strap,false,false,,
2026-10-03T22:32:50-04:00,a07,86,Amazfit Helio Strap,false,false,,
2026-10-03T22:32:51-04:00,a07,85,Amazfit Helio Strap,false,false,,
2026-10-03T22:32:52-04:00,a07,84,Amazfit Helio Strap,false,false,,
2026-10-03T22:32:53-04:00,a07,83,Amazfit Helio Strap,false,false,,
2026-10-03T22:32:54-04:00,a07,82,Amazfit Helio Strap,false,false,,
2026-10-03T22:32:55-04:00,a07,82,Amazfit Helio Strap,false,false,,
2026-10-03T22:32:56-04:00,a07,82,Amazfit Helio Strap,false,false,,
2026-10-03T22:32:57-04:00,a07,82,Amazfit Helio Strap,false,false,,
2026-10-03T22:32:58-04:00,a07,82,Amazfit Helio Strap,false,false,,
2026-10-03T22:32:59-04:00,a07,82,Amazfit Helio Strap,false,false,,
2026-10-03T22:33:01-04:00,a07,86,Amazfit Helio Strap,false,false,,
2026-10-03T22:33:01-04:00,a07,84,Amazfit Helio Strap,false,false,,
2026-10-03T22:33:02-04:00,a07,85,Amazfit Helio Strap,false,false,,
2026-10-03T22:33:03-04:00,a07,84,Amazfit Helio Strap,false,false,,
2026-10-03T22:33:04-04:00,a07,82,Amazfit Helio Strap,false,false,,
2026-10-03T22:33:05-04:00,a07,81,Amazfit Helio Strap,false,false,,
2026-10-03T22:33:06-04:00,a07,80,Amazfit Helio Strap,false,false,,
2026-10-03T22:33:07-04:00,a07,79,Amazfit Helio Strap,false,false,,
2026-10-03T22:33:08-04:00,a07,80,Amazfit Helio Strap,false,false,,
2026-10-03T22:33:09-04:00,a07,80,Amazfit Helio Strap,false,false,,
2026-10-03T22:33:10-04:00,a07,80,Amazfit Helio Strap,false,false,,
2026-10-03T22:33:11-04:00,a07,81,Amazfit Helio Strap,false,false,,
2026-10-03T22:33:12-04:00,a07,82,Amazfit Helio Strap,false,false,,
2026-10-03T22:33:13-04:00,a07,81,Amazfit Helio Strap,false,false,,
2026-10-03T22:33:14-04:00,a07,82,Amazfit Helio Strap,false,false,,
2026-10-03T22:33:15-04:00,a07,82,Amazfit Helio Strap,false,false,,
2026-10-03T22:33:16-04:00,a07,84,Amazfit Helio Strap,false,false,,
2026-10-03T22:33:17-04:00,a07,84,Amazfit Helio Strap,false,false,,
2026-10-03T22:33:18-04:00,a07,80,Amazfit Helio Strap,false,false,,
2026-10-03T22:33:19-04:00,a07,79,Amazfit Helio Strap,false,false,,
2026-10-03T22:33:20-04:00,a07,78,Amazfit Helio Strap,false,false,,
2026-10-03T22:33:21-04:00,a07,77,Amazfit Helio Strap,false,false,,
2026-10-03T22:33:22-04:00,a07,76,Amazfit Helio Strap,false,false,,
2026-10-03T22:33:23-04:00,a07,75,Amazfit Helio Strap,false,false,,
2026-10-03T22:33:24-04:00,a07,75,Amazfit Helio Strap,false,false,,
2026-10-03T22:33:25-04:00,a07,75,Amazfit Helio Strap,false,false,,
2026-10-03T22:33:26-04:00,a07,75,Amazfit Helio Strap,false,false,,
2026-10-03T22:33:27-04:00,a07,75,Amazfit Helio Strap,false,false,,
2026-10-03T22:33:28-04:00,a07,76,Amazfit Helio Strap,false,false,,
2026-10-03T22:33:29-04:00,a07,77,Amazfit Helio Strap,false,false,,
2026-10-03T22:33:30-04:00,a07,77,Amazfit Helio Strap,false,false,,
2026-10-03T22:33:31-04:00,a07,78,Amazfit Helio Strap,false,false,,
2026-10-03T22:33:32-04:00,a07,78,Amazfit Helio Strap,false,false,,
2026-10-03T22:33:33-04:00,a07,78,Amazfit Helio Strap,false,false,,
2026-10-03T22:33:34-04:00,a07,77,Amazfit Helio Strap,false,false,,
2026-10-03T22:33:35-04:00,a07,77,Amazfit Helio Strap,false,false,,
2026-10-03T22:33:36-04:00,a07,77,Amazfit Helio Strap,false,false,,
2026-10-03T22:33:37-04:00,a07,79,Amazfit Helio Strap,false,false,,
2026-10-03T22:33:38-04:00,a07,81,Amazfit Helio Strap,false,false,,
2026-10-03T22:33:39-04:00,a07,82,Amazfit Helio Strap,false,false,,
2026-10-03T22:33:40-04:00,a07,82,Amazfit Helio Strap,false,false,,
2026-10-03T22:33:41-04:00,a07,82,Amazfit Helio Strap,false,false,,
2026-10-03T22:33:42-04:00,a07,82,Amazfit Helio Strap,false,false,,
2026-10-03T22:33:43-04:00,a07,83,Amazfit Helio Strap,false,false,,
2026-10-03T22:33:44-04:00,a07,85,Amazfit Helio Strap,false,false,,
2026-10-03T22:33:45-04:00,a07,86,Amazfit Helio Strap,false,false,,
2026-10-03T22:33:46-04:00,a07,88,Amazfit Helio Strap,false,false,,
2026-10-03T22:33:47-04:00,a07,91,Amazfit Helio Strap,false,false,,
2026-10-03T22:33:48-04:00,a07,94,Amazfit Helio Strap,false,false,,
2026-10-03T22:33:49-04:00,a07,97,Amazfit Helio Strap,false,false,,
2026-10-03T22:33:50-04:00,a07,98,Amazfit Helio Strap,false,false,,
2026-10-03T22:33:51-04:00,a07,101,Amazfit Helio Strap,false,false,,
2026-10-03T22:33:52-04:00,a07,110,Amazfit Helio Strap,false,false,,
2026-10-03T22:33:53-04:00,a07,125,Amazfit Helio Strap,false,false,,
2026-10-03T22:33:54-04:00,a07,133,Amazfit Helio Strap,false,false,,
2026-10-03T22:33:55-04:00,a07,136,Amazfit Helio Strap,false,false,,
2026-10-03T22:33:56-04:00,a07,137,Amazfit Helio Strap,false,false,,
2026-10-03T22:33:57-04:00,a07,136,Amazfit Helio Strap,false,false,,
2026-10-03T22:33:58-04:00,a07,137,Amazfit Helio Strap,false,false,,
2026-10-03T22:33:59-04:00,a07,137,Amazfit Helio Strap,false,false,,
2026-10-03T22:34:00-04:00,a07,137,Amazfit Helio Strap,false,false,,
2026-10-03T22:34:01-04:00,a07,137,Amazfit Helio Strap,false,false,,
2026-10-03T22:34:02-04:00,a07,138,Amazfit Helio Strap,false,false,,
2026-10-03T22:34:03-04:00,a07,138,Amazfit Helio Strap,false,false,,
2026-10-03T22:34:04-04:00,a07,138,Amazfit Helio Strap,false,false,,
2026-10-03T22:34:05-04:00,a07,138,Amazfit Helio Strap,false,false,,
2026-10-03T22:34:06-04:00,a07,137,Amazfit Helio Strap,false,false,,
2026-10-03T22:34:07-04:00,a07,136,Amazfit Helio Strap,false,false,,
2026-10-03T22:34:08-04:00,a07,128,Amazfit Helio Strap,false,false,,
2026-10-03T22:34:09-04:00,a07,125,Amazfit Helio Strap,false,false,,
2026-10-03T22:34:10-04:00,a07,122,Amazfit Helio Strap,false,false,,
2026-10-03T22:34:11-04:00,a07,119,Amazfit Helio Strap,false,false,,
2026-10-03T22:34:12-04:00,a07,118,Amazfit Helio Strap,false,false,,
2026-10-03T22:34:13-04:00,a07,113,Amazfit Helio Strap,false,false,,
2026-10-03T22:34:14-04:00,a07,109,Amazfit Helio Strap,false,false,,
2026-10-03T22:34:15-04:00,a07,106,Amazfit Helio Strap,false,false,,
2026-10-03T22:34:16-04:00,a07,105,Amazfit Helio Strap,false,false,,
2026-10-03T22:34:17-04:00,a07,106,Amazfit Helio Strap,false,false,,
2026-10-03T22:34:18-04:00,a07,105,Amazfit Helio Strap,false,false,,
2026-10-03T22:34:19-04:00,a07,105,Amazfit Helio Strap,false,false,,
2026-10-03T22:34:20-04:00,a07,107,Amazfit Helio Strap,false,false,,
2026-10-03T22:34:21-04:00,a07,108,Amazfit Helio Strap,false,false,,
2026-10-03T22:34:22-04:00,a07,109,Amazfit Helio Strap,false,false,,
2026-10-03T22:34:23-04:00,a07,112,Amazfit Helio Strap,false,false,,
2026-10-03T22:34:24-04:00,a07,113,Amazfit Helio Strap,false,false,,
2026-10-03T22:34:25-04:00,a07,114,Amazfit Helio Strap,false,false,,
2026-10-03T22:34:26-04:00,a07,115,Amazfit Helio Strap,false,false,,
2026-10-03T22:34:27-04:00,a07,115,Amazfit Helio Strap,false,false,,
2026-10-03T22:34:28-04:00,a07,113,Amazfit Helio Strap,false,false,,
2026-10-03T22:34:29-04:00,a07,112,Amazfit Helio Strap,false,false,,
2026-10-03T22:34:30-04:00,a07,111,Amazfit Helio Strap,false,false,,
2026-10-03T22:34:32-04:00,a07,107,Amazfit Helio Strap,false,false,,
2026-10-03T22:34:32-04:00,a07,102,Amazfit Helio Strap,false,false,,
2026-10-03T22:34:33-04:00,a07,97,Amazfit Helio Strap,false,false,,
2026-10-03T22:34:34-04:00,a07,93,Amazfit Helio Strap,false,false,,
2026-10-03T22:34:35-04:00,a07,91,Amazfit Helio Strap,false,false,,
2026-10-03T22:34:36-04:00,a07,90,Amazfit Helio Strap,false,false,,
2026-10-03T22:34:37-04:00,a07,91,Amazfit Helio Strap,false,false,,
2026-10-03T22:34:38-04:00,a07,91,Amazfit Helio Strap,false,false,,
2026-10-03T22:34:39-04:00,a07,92,Amazfit Helio Strap,false,false,,
2026-10-03T22:34:40-04:00,a07,88,Amazfit Helio Strap,false,false,,
2026-10-03T22:34:41-04:00,a07,85,Amazfit Helio Strap,false,false,,
2026-10-03T22:34:42-04:00,a07,82,Amazfit Helio Strap,false,false,,
2026-10-03T22:34:43-04:00,a07,81,Amazfit Helio Strap,false,false,,
2026-10-03T22:34:44-04:00,a07,80,Amazfit Helio Strap,false,false,,
2026-10-03T22:34:45-04:00,a07,79,Amazfit Helio Strap,false,false,,
2026-10-03T22:34:46-04:00,a07,79,Amazfit Helio Strap,false,false,,
2026-10-03T22:34:47-04:00,a07,78,Amazfit Helio Strap,false,false,,
2026-10-03T22:34:48-04:00,a07,78,Amazfit Helio Strap,false,false,,
2026-10-03T22:34:49-04:00,a07,78,Amazfit Helio Strap,false,false,,
2026-10-03T22:34:50-04:00,a07,78,Amazfit Helio Strap,false,false,,
2026-10-03T22:34:51-04:00,a07,79,Amazfit Helio Strap,false,false,,
2026-10-03T22:34:52-04:00,a07,81,Amazfit Helio Strap,false,false,,
2026-10-03T22:34:53-04:00,a07,82,Amazfit Helio Strap,false,false,,
2026-10-03T22:34:54-04:00,a07,85,Amazfit Helio Strap,false,false,,
2026-10-03T22:34:55-04:00,a07,84,Amazfit Helio Strap,false,false,,
2026-10-03T22:34:56-04:00,a07,83,Amazfit Helio Strap,false,false,,
2026-10-03T22:34:57-04:00,a07,83,Amazfit Helio Strap,false,false,,
2026-10-03T22:34:58-04:00,a07,82,Amazfit Helio Strap,false,false,,
2026-10-03T22:34:59-04:00,a07,82,Amazfit Helio Strap,false,false,,
2026-10-03T22:35:00-04:00,a07,81,Amazfit Helio Strap,false,false,,
2026-10-03T22:35:01-04:00,a07,80,Amazfit Helio Strap,false,false,,
2026-10-03T22:35:02-04:00,a07,79,Amazfit Helio Strap,false,false,,
2026-10-03T22:35:03-04:00,a07,79,Amazfit Helio Strap,false,false,,
2026-10-03T22:35:04-04:00,a07,79,Amazfit Helio Strap,false,false,,
2026-10-03T22:35:05-04:00,a07,79,Amazfit Helio Strap,false,false,,
2026-10-03T22:35:06-04:00,a07,79,Amazfit Helio Strap,false,false,,
2026-10-03T22:35:07-04:00,a07,78,Amazfit Helio Strap,false,false,,
2026-10-03T22:35:08-04:00,a07,78,Amazfit Helio Strap,false,false,,
2026-10-03T22:35:09-04:00,a07,77,Amazfit Helio Strap,false,false,,
2026-10-03T22:35:10-04:00,a07,77,Amazfit Helio Strap,false,false,,
2026-10-03T22:35:11-04:00,a07,77,Amazfit Helio Strap,false,false,,
2026-10-03T22:35:12-04:00,a07,77,Amazfit Helio Strap,false,false,,
2026-10-03T22:35:13-04:00,a07,77,Amazfit Helio Strap,false,false,,
2026-10-03T22:35:14-04:00,a07,77,Amazfit Helio Strap,false,false,,
2026-10-03T22:35:15-04:00,a07,77,Amazfit Helio Strap,false,false,,
2026-10-03T22:35:16-04:00,a07,78,Amazfit Helio Strap,false,false,,
2026-10-03T22:35:17-04:00,a07,80,Amazfit Helio Strap,false,false,,
2026-10-03T22:35:18-04:00,a07,81,Amazfit Helio Strap,false,false,,
2026-10-03T22:35:19-04:00,a07,80,Amazfit Helio Strap,false,false,,
2026-10-03T22:35:20-04:00,a07,80,Amazfit Helio Strap,false,false,,
2026-10-03T22:35:21-04:00,a07,80,Amazfit Helio Strap,false,false,,
2026-10-03T22:35:22-04:00,a07,80,Amazfit Helio Strap,false,false,,
2026-10-03T22:35:23-04:00,a07,79,Amazfit Helio Strap,false,false,,
2026-10-03T22:35:24-04:00,a07,79,Amazfit Helio Strap,false,false,,
2026-10-03T22:35:25-04:00,a07,84,Amazfit Helio Strap,false,false,,
2026-10-03T22:35:26-04:00,a07,90,Amazfit Helio Strap,false,false,,
2026-10-03T22:35:27-04:00,a07,92,Amazfit Helio Strap,false,false,,
2026-10-03T22:35:28-04:00,a07,91,Amazfit Helio Strap,false,false,,
2026-10-03T22:35:29-04:00,a07,89,Amazfit Helio Strap,false,false,,
2026-10-03T22:35:30-04:00,a07,85,Amazfit Helio Strap,false,false,,
2026-10-03T22:35:31-04:00,a07,81,Amazfit Helio Strap,false,false,,
2026-10-03T22:35:32-04:00,a07,79,Amazfit Helio Strap,false,false,,
2026-10-03T22:35:33-04:00,a07,77,Amazfit Helio Strap,false,false,,
2026-10-03T22:35:34-04:00,a07,75,Amazfit Helio Strap,false,false,,
2026-10-03T22:35:35-04:00,a07,74,Amazfit Helio Strap,false,false,,
2026-10-03T22:35:36-04:00,a07,74,Amazfit Helio Strap,false,false,,
2026-10-03T22:35:37-04:00,a07,74,Amazfit Helio Strap,false,false,,
2026-10-03T22:35:38-04:00,a07,73,Amazfit Helio Strap,false,false,,
2026-10-03T22:35:39-04:00,a07,73,Amazfit Helio Strap,false,false,,
2026-10-03T22:35:40-04:00,a07,73,Amazfit Helio Strap,false,false,,
2026-10-03T22:35:41-04:00,a07,73,Amazfit Helio Strap,false,false,,
2026-10-03T22:35:42-04:00,a07,71,Amazfit Helio Strap,false,false,,
2026-10-03T22:35:43-04:00,a07,71,Amazfit Helio Strap,false,false,,
2026-10-03T22:35:54-04:00,a07,78,Amazfit Helio Strap,false,false,,
2026-10-03T22:35:55-04:00,a07,78,Amazfit Helio Strap,false,false,,
2026-10-03T22:35:56-04:00,a07,78,Amazfit Helio Strap,false,false,,
2026-10-03T22:35:57-04:00,a07,78,Amazfit Helio Strap,false,false,,
2026-10-03T22:35:58-04:00,a07,78,Amazfit Helio Strap,false,false,,
2026-10-03T22:35:59-04:00,a07,78,Amazfit Helio Strap,false,false,,
2026-10-03T22:36:00-04:00,a07,77,Amazfit Helio Strap,false,false,,
2026-10-03T22:36:02-04:00,a07,77,Amazfit Helio Strap,false,false,,
2026-10-03T22:36:03-04:00,a07,76,Amazfit Helio Strap,false,false,,
2026-10-03T22:36:03-04:00,a07,76,Amazfit Helio Strap,false,false,,
2026-10-03T22:36:04-04:00,a07,75,Amazfit Helio Strap,false,false,,
2026-10-03T22:36:05-04:00,a07,75,Amazfit Helio Strap,false,false,,
2026-10-03T22:36:06-04:00,a07,74,Amazfit Helio Strap,false,false,,
2026-10-03T22:36:07-04:00,a07,74,Amazfit Helio Strap,false,false,,
2026-10-03T22:36:08-04:00,a07,74,Amazfit Helio Strap,false,false,,
2026-10-03T22:36:09-04:00,a07,73,Amazfit Helio Strap,false,false,,
2026-10-03T22:36:10-04:00,a07,73,Amazfit Helio Strap,false,false,,
2026-10-03T22:36:11-04:00,a07,73,Amazfit Helio Strap,false,false,,
2026-10-03T22:36:12-04:00,a07,73,Amazfit Helio Strap,false,false,,
2026-10-03T22:36:13-04:00,a07,73,Amazfit Helio Strap,false,false,,
2026-10-03T22:36:14-04:00,a07,73,Amazfit Helio Strap,false,false,,
2026-10-03T22:36:15-04:00,a07,73,Amazfit Helio Strap,false,false,,
2026-10-03T22:36:16-04:00,a07,73,Amazfit Helio Strap,false,false,,
2026-10-03T22:36:17-04:00,a07,74,Amazfit Helio Strap,false,false,,
2026-10-03T22:36:18-04:00,a07,75,Amazfit Helio Strap,false,false,,
2026-10-03T22:36:19-04:00,a07,76,Amazfit Helio Strap,false,false,,
2026-10-03T22:36:20-04:00,a07,77,Amazfit Helio Strap,false,false,,
2026-10-03T22:36:21-04:00,a07,77,Amazfit Helio Strap,false,false,,
2026-10-03T22:36:22-04:00,a07,78,Amazfit Helio Strap,false,false,,
2026-10-03T22:36:23-04:00,a07,79,Amazfit Helio Strap,false,false,,
2026-10-03T22:36:24-04:00,a07,80,Amazfit Helio Strap,false,false,,
2026-10-03T22:36:25-04:00,a07,81,Amazfit Helio Strap,false,false,,
2026-10-03T22:36:26-04:00,a07,80,Amazfit Helio Strap,false,false,,
2026-10-03T22:36:27-04:00,a07,81,Amazfit Helio Strap,false,false,,
2026-10-03T22:36:28-04:00,a07,81,Amazfit Helio Strap,false,false,,
2026-10-03T22:36:29-04:00,a07,82,Amazfit Helio Strap,false,false,,
2026-10-03T22:36:30-04:00,a07,82,Amazfit Helio Strap,false,false,,
2026-10-03T22:36:31-04:00,a07,81,Amazfit Helio Strap,false,false,,
2026-10-03T22:36:32-04:00,a07,82,Amazfit Helio Strap,false,false,,
2026-10-03T22:36:33-04:00,a07,85,Amazfit Helio Strap,false,false,,
2026-10-03T22:36:34-04:00,a07,84,Amazfit Helio Strap,false,false,,
2026-10-03T22:36:35-04:00,a07,82,Amazfit Helio Strap,false,false,,
2026-10-03T22:36:36-04:00,a07,81,Amazfit Helio Strap,false,false,,
2026-10-03T22:36:37-04:00,a07,82,Amazfit Helio Strap,false,false,,
2026-10-03T22:36:38-04:00,a07,82,Amazfit Helio Strap,false,false,,
2026-10-03T22:36:39-04:00,a07,83,Amazfit Helio Strap,false,false,,
2026-10-03T22:36:40-04:00,a07,84,Amazfit Helio Strap,false,false,,
2026-10-03T22:36:41-04:00,a07,85,Amazfit Helio Strap,false,false,,
2026-10-03T22:36:42-04:00,a07,85,Amazfit Helio Strap,false,false,,
2026-10-03T22:36:43-04:00,a07,84,Amazfit Helio Strap,false,false,,
2026-10-03T22:36:44-04:00,a07,82,Amazfit Helio Strap,false,false,,
2026-10-03T22:36:45-04:00,a07,82,Amazfit Helio Strap,false,false,,
2026-10-03T22:36:46-04:00,a07,84,Amazfit Helio Strap,false,false,,
2026-10-03T22:36:47-04:00,a07,87,Amazfit Helio Strap,false,false,,
2026-10-03T22:36:48-04:00,a07,86,Amazfit Helio Strap,false,false,,
2026-10-03T22:36:49-04:00,a07,85,Amazfit Helio Strap,false,false,,
2026-10-03T22:36:50-04:00,a07,83,Amazfit Helio Strap,false,false,,
2026-10-03T22:36:51-04:00,a07,82,Amazfit Helio Strap,false,false,,
2026-10-03T22:36:52-04:00,a07,82,Amazfit Helio Strap,false,false,,
2026-10-03T22:36:53-04:00,a07,81,Amazfit Helio Strap,false,false,,
2026-10-03T22:36:54-04:00,a07,80,Amazfit Helio Strap,false,false,,
2026-10-03T22:36:55-04:00,a07,80,Amazfit Helio Strap,false,false,,
2026-10-03T22:36:56-04:00,a07,80,Amazfit Helio Strap,false,false,,
2026-10-03T22:36:57-04:00,a07,79,Amazfit Helio Strap,false,false,,
2026-10-03T22:36:58-04:00,a07,79,Amazfit Helio Strap,false,false,,
2026-10-03T22:36:59-04:00,a07,78,Amazfit Helio Strap,false,false,,
2026-10-03T22:37:00-04:00,a07,79,Amazfit Helio Strap,false,false,,
2026-10-03T22:37:01-04:00,a07,81,Amazfit Helio Strap,false,false,,
2026-10-03T22:37:02-04:00,a07,81,Amazfit Helio Strap,false,false,,
2026-10-03T22:37:03-04:00,a07,81,Amazfit Helio Strap,false,false,,
2026-10-03T22:37:04-04:00,a07,80,Amazfit Helio Strap,false,false,,
2026-10-03T22:37:05-04:00,a07,80,Amazfit Helio Strap,false,false,,
2026-10-03T22:37:06-04:00,a07,79,Amazfit Helio Strap,false,false,,
2026-10-03T22:37:07-04:00,a07,80,Amazfit Helio Strap,false,false,,
2026-10-03T22:37:08-04:00,a07,84,Amazfit Helio Strap,false,false,,
2026-10-03T22:37:09-04:00,a07,87,Amazfit Helio Strap,false,false,,
2026-10-03T22:37:10-04:00,a07,88,Amazfit Helio Strap,false,false,,
2026-10-03T22:37:11-04:00,a07,86,Amazfit Helio Strap,false,false,,
2026-10-03T22:37:12-04:00,a07,85,Amazfit Helio Strap,false,false,,
2026-10-03T22:37:13-04:00,a07,85,Amazfit Helio Strap,false,false,,
2026-10-03T22:37:14-04:00,a07,86,Amazfit Helio Strap,false,false,,
2026-10-03T22:37:15-04:00,a07,86,Amazfit Helio Strap,false,false,,
2026-10-03T22:37:16-04:00,a07,87,Amazfit Helio Strap,false,false,,
2026-10-03T22:37:17-04:00,a07,88,Amazfit Helio Strap,false,false,,
2026-10-03T22:37:18-04:00,a07,88,Amazfit Helio Strap,false,false,,
2026-10-03T22:37:19-04:00,a07,87,Amazfit Helio Strap,false,false,,
2026-10-03T22:37:20-04:00,a07,85,Amazfit Helio Strap,false,false,,
2026-10-03T22:37:21-04:00,a07,85,Amazfit Helio Strap,false,false,,
2026-10-03T22:37:22-04:00,a07,85,Amazfit Helio Strap,false,false,,
2026-10-03T22:37:23-04:00,a07,84,Amazfit Helio Strap,false,false,,
2026-10-03T22:37:24-04:00,a07,84,Amazfit Helio Strap,false,false,,
2026-10-03T22:37:25-04:00,a07,84,Amazfit Helio Strap,false,false,,
2026-10-03T22:37:26-04:00,a07,85,Amazfit Helio Strap,false,false,,
2026-10-03T22:37:27-04:00,a07,85,Amazfit Helio Strap,false,false,,
2026-10-03T22:37:28-04:00,a07,86,Amazfit Helio Strap,false,false,,
2026-10-03T22:37:29-04:00,a07,87,Amazfit Helio Strap,false,false,,
2026-10-03T22:37:30-04:00,a07,86,Amazfit Helio Strap,false,false,,
2026-10-03T22:37:31-04:00,a07,85,Amazfit Helio Strap,false,false,,
2026-10-03T22:37:32-04:00,a07,85,Amazfit Helio Strap,false,false,,
2026-10-03T22:37:34-04:00,a07,84,Amazfit Helio Strap,false,false,,
2026-10-03T22:37:34-04:00,a07,84,Amazfit Helio Strap,false,false,,
2026-10-03T22:37:35-04:00,a07,83,Amazfit Helio Strap,false,false,,
2026-10-03T22:37:36-04:00,a07,82,Amazfit Helio Strap,false,false,,
2026-10-03T22:37:37-04:00,a07,80,Amazfit Helio Strap,false,false,,
2026-10-03T22:37:38-04:00,a07,80,Amazfit Helio Strap,false,false,,
2026-10-03T22:37:39-04:00,a07,79,Amazfit Helio Strap,false,false,,
2026-10-03T22:37:40-04:00,a07,80,Amazfit Helio Strap,false,false,,
2026-10-03T22:37:41-04:00,a07,79,Amazfit Helio Strap,false,false,,
2026-10-03T22:37:42-04:00,a07,79,Amazfit Helio Strap,false,false,,
2026-10-03T22:37:43-04:00,a07,80,Amazfit Helio Strap,false,false,,
2026-10-03T22:37:44-04:00,a07,80,Amazfit Helio Strap,false,false,,
2026-10-03T22:37:45-04:00,a07,79,Amazfit Helio Strap,false,false,,
2026-10-03T22:37:46-04:00,a07,80,Amazfit Helio Strap,false,false,,
2026-10-03T22:37:47-04:00,a07,79,Amazfit Helio Strap,false,false,,
2026-10-03T22:37:48-04:00,a07,79,Amazfit Helio Strap,false,false,,
2026-10-03T22:37:49-04:00,a07,79,Amazfit Helio Strap,false,false,,
2026-10-03T22:37:50-04:00,a07,82,Amazfit Helio Strap,false,false,,
2026-10-03T22:37:51-04:00,a07,83,Amazfit Helio Strap,false,false,,
2026-10-03T22:37:52-04:00,a07,87,Amazfit Helio Strap,false,false,,
2026-10-03T22:37:53-04:00,a07,88,Amazfit Helio Strap,false,false,,
2026-10-03T22:37:54-04:00,a07,88,Amazfit Helio Strap,false,false,,
2026-10-03T22:37:55-04:00,a07,85,Amazfit Helio Strap,false,false,,
2026-10-03T22:37:56-04:00,a07,82,Amazfit Helio Strap,false,false,,
2026-10-03T22:37:57-04:00,a07,79,Amazfit Helio Strap,false,false,,
2026-10-03T22:37:58-04:00,a07,78,Amazfit Helio Strap,false,false,,
2026-10-03T22:37:59-04:00,a07,79,Amazfit Helio Strap,false,false,,
2026-10-03T22:38:00-04:00,a07,81,Amazfit Helio Strap,false,false,,
2026-10-03T22:38:01-04:00,a07,85,Amazfit Helio Strap,false,false,,
2026-10-03T22:38:02-04:00,a07,87,Amazfit Helio Strap,false,false,,
2026-10-03T22:38:03-04:00,a07,85,Amazfit Helio Strap,false,false,,
2026-10-03T22:38:04-04:00,a07,82,Amazfit Helio Strap,false,false,,
2026-10-03T22:38:05-04:00,a07,78,Amazfit Helio Strap,false,false,,
2026-10-03T22:38:06-04:00,a07,77,Amazfit Helio Strap,false,false,,
2026-10-03T22:38:07-04:00,a07,78,Amazfit Helio Strap,false,false,,
2026-10-03T22:38:08-04:00,a07,80,Amazfit Helio Strap,false,false,,
2026-10-03T22:38:09-04:00,a07,79,Amazfit Helio Strap,false,false,,
2026-10-03T22:38:10-04:00,a07,79,Amazfit Helio Strap,false,false,,
2026-10-03T22:38:11-04:00,a07,80,Amazfit Helio Strap,false,false,,
2026-10-03T22:38:12-04:00,a07,80,Amazfit Helio Strap,false,false,,
2026-10-03T22:38:13-04:00,a07,82,Amazfit Helio Strap,false,false,,
2026-10-03T22:38:14-04:00,a07,83,Amazfit Helio Strap,false,false,,
2026-10-03T22:38:15-04:00,a07,83,Amazfit Helio Strap,false,false,,
2026-10-03T22:38:16-04:00,a07,81,Amazfit Helio Strap,false,false,,
2026-10-03T22:38:17-04:00,a07,82,Amazfit Helio Strap,false,false,,
2026-10-03T22:38:18-04:00,a07,82,Amazfit Helio Strap,false,false,,
2026-10-03T22:38:19-04:00,a07,82,Amazfit Helio Strap,false,false,,
2026-10-03T22:38:20-04:00,a07,83,Amazfit Helio Strap,false,false,,
2026-10-03T22:38:21-04:00,a07,83,Amazfit Helio Strap,false,false,,
2026-10-03T22:38:22-04:00,a07,84,Amazfit Helio Strap,false,false,,
2026-10-03T22:38:23-04:00,a07,85,Amazfit Helio Strap,false,false,,
2026-10-03T22:38:24-04:00,a07,85,Amazfit Helio Strap,false,false,,
2026-10-03T22:38:25-04:00,a07,84,Amazfit Helio Strap,false,false,,
2026-10-03T22:38:26-04:00,a07,84,Amazfit Helio Strap,false,false,,
2026-10-03T22:38:27-04:00,a07,83,Amazfit Helio Strap,false,false,,
2026-10-03T22:38:28-04:00,a07,84,Amazfit Helio Strap,false,false,,
2026-10-03T22:38:29-04:00,a07,82,Amazfit Helio Strap,false,false,,
2026-10-03T22:38:30-04:00,a07,83,Amazfit Helio Strap,false,false,,
2026-10-03T22:38:31-04:00,a07,81,Amazfit Helio Strap,false,false,,
2026-10-03T22:38:32-04:00,a07,83,Amazfit Helio Strap,false,false,,
2026-10-03T22:38:33-04:00,a07,88,Amazfit Helio Strap,false,false,,
2026-10-03T22:38:34-04:00,a07,90,Amazfit Helio Strap,false,false,,
2026-10-03T22:38:35-04:00,a07,90,Amazfit Helio Strap,false,false,,
2026-10-03T22:38:36-04:00,a07,91,Amazfit Helio Strap,false,false,,
2026-10-03T22:38:37-04:00,a07,92,Amazfit Helio Strap,false,false,,
2026-10-03T22:38:38-04:00,a07,92,Amazfit Helio Strap,false,false,,
2026-10-03T22:38:39-04:00,a07,93,Amazfit Helio Strap,false,false,,
2026-10-03T22:38:40-04:00,a07,94,Amazfit Helio Strap,false,false,,
2026-10-03T22:38:41-04:00,a07,94,Amazfit Helio Strap,false,false,,
2026-10-03T22:38:42-04:00,a07,96,Amazfit Helio Strap,false,false,,
2026-10-03T22:38:43-04:00,a07,97,Amazfit Helio Strap,false,false,,
2026-10-03T22:38:44-04:00,a07,98,Amazfit Helio Strap,false,false,,
2026-10-03T22:38:45-04:00,a07,98,Amazfit Helio Strap,false,false,,
2026-10-03T22:38:46-04:00,a07,97,Amazfit Helio Strap,false,false,,
2026-10-03T22:38:47-04:00,a07,97,Amazfit Helio Strap,false,false,,
2026-10-03T22:38:48-04:00,a07,97,Amazfit Helio Strap,false,false,,
2026-10-03T22:38:49-04:00,a07,97,Amazfit Helio Strap,false,false,,
2026-10-03T22:38:50-04:00,a07,96,Amazfit Helio Strap,false,false,,
2026-10-03T22:38:51-04:00,a07,94,Amazfit Helio Strap,false,false,,
2026-10-03T22:38:52-04:00,a07,93,Amazfit Helio Strap,false,false,,
2026-10-03T22:38:53-04:00,a07,94,Amazfit Helio Strap,false,false,,
2026-10-03T22:38:54-04:00,a07,95,Amazfit Helio Strap,false,false,,
2026-10-03T22:38:55-04:00,a07,96,Amazfit Helio Strap,false,false,,
2026-10-03T22:38:56-04:00,a07,97,Amazfit Helio Strap,false,false,,
2026-10-03T22:38:57-04:00,a07,98,Amazfit Helio Strap,false,false,,
2026-10-03T22:38:58-04:00,a07,99,Amazfit Helio Strap,false,false,,
2026-10-03T22:38:59-04:00,a07,96,Amazfit Helio Strap,false,false,,
2026-10-03T22:39:00-04:00,a07,91,Amazfit Helio Strap,false,false,,
2026-10-03T22:39:01-04:00,a07,94,Amazfit Helio Strap,false,false,,
2026-10-03T22:39:02-04:00,a07,97,Amazfit Helio Strap,false,false,,
2026-10-03T22:39:04-04:00,a07,98,Amazfit Helio Strap,false,false,,
2026-10-03T22:39:04-04:00,a07,99,Amazfit Helio Strap,false,false,,
2026-10-03T22:39:05-04:00,a07,98,Amazfit Helio Strap,false,false,,
2026-10-03T22:39:06-04:00,a07,96,Amazfit Helio Strap,false,false,,
2026-10-03T22:39:07-04:00,a07,94,Amazfit Helio Strap,false,false,,
2026-10-03T22:39:08-04:00,a07,93,Amazfit Helio Strap,false,false,,
2026-10-03T22:39:09-04:00,a07,92,Amazfit Helio Strap,false,false,,
2026-10-03T22:39:10-04:00,a07,91,Amazfit Helio Strap,false,false,,
2026-10-03T22:39:11-04:00,a07,89,Amazfit Helio Strap,false,false,,
2026-10-03T22:39:12-04:00,a07,88,Amazfit Helio Strap,false,false,,
2026-10-03T22:39:13-04:00,a07,88,Amazfit Helio Strap,false,false,,
2026-10-03T22:39:14-04:00,a07,86,Amazfit Helio Strap,false,false,,
2026-10-03T22:39:15-04:00,a07,85,Amazfit Helio Strap,false,false,,
2026-10-03T22:39:16-04:00,a07,85,Amazfit Helio Strap,false,false,,
2026-10-03T22:39:17-04:00,a07,84,Amazfit Helio Strap,false,false,,
2026-10-03T22:39:18-04:00,a07,84,Amazfit Helio Strap,false,false,,
2026-10-03T22:39:19-04:00,a07,83,Amazfit Helio Strap,false,false,,
2026-10-03T22:39:20-04:00,a07,82,Amazfit Helio Strap,false,false,,
2026-10-03T22:39:21-04:00,a07,82,Amazfit Helio Strap,false,false,,
2026-10-03T22:39:22-04:00,a07,82,Amazfit Helio Strap,false,false,,
2026-10-03T22:39:23-04:00,a07,81,Amazfit Helio Strap,false,false,,
2026-10-03T22:39:24-04:00,a07,81,Amazfit Helio Strap,false,false,,
2026-10-03T22:39:25-04:00,a07,82,Amazfit Helio Strap,false,false,,
2026-10-03T22:39:26-04:00,a07,85,Amazfit Helio Strap,false,false,,
2026-10-03T22:39:27-04:00,a07,89,Amazfit Helio Strap,false,false,,
2026-10-03T22:39:28-04:00,a07,93,Amazfit Helio Strap,false,false,,
2026-10-03T22:39:29-04:00,a07,94,Amazfit Helio Strap,false,false,,
2026-10-03T22:39:30-04:00,a07,93,Amazfit Helio Strap,false,false,,
2026-10-03T22:39:31-04:00,a07,93,Amazfit Helio Strap,false,false,,
2026-10-03T22:39:32-04:00,a07,92,Amazfit Helio Strap,false,false,,
2026-10-03T22:39:33-04:00,a07,91,Amazfit Helio Strap,false,false,,
2026-10-03T22:39:34-04:00,a07,94,Amazfit Helio Strap,false,false,,
2026-10-03T22:39:35-04:00,a07,98,Amazfit Helio Strap,false,false,,
2026-10-03T22:39:36-04:00,a07,99,Amazfit Helio Strap,false,false,,
2026-10-03T22:39:37-04:00,a07,99,Amazfit Helio Strap,false,false,,
2026-10-03T22:39:38-04:00,a07,100,Amazfit Helio Strap,false,false,,
2026-10-03T22:39:39-04:00,a07,103,Amazfit Helio Strap,false,false,,
2026-10-03T22:39:40-04:00,a07,108,Amazfit Helio Strap,false,false,,
2026-10-03T22:39:41-04:00,a07,112,Amazfit Helio Strap,false,false,,
2026-10-03T22:39:42-04:00,a07,113,Amazfit Helio Strap,false,false,,
2026-10-03T22:39:43-04:00,a07,113,Amazfit Helio Strap,false,false,,
2026-10-03T22:39:44-04:00,a07,114,Amazfit Helio Strap,false,false,,
2026-10-03T22:39:45-04:00,a07,113,Amazfit Helio Strap,false,false,,
2026-10-03T22:39:46-04:00,a07,112,Amazfit Helio Strap,false,false,,
2026-10-03T22:39:47-04:00,a07,111,Amazfit Helio Strap,false,false,,
2026-10-03T22:39:48-04:00,a07,111,Amazfit Helio Strap,false,false,,
2026-10-03T22:39:49-04:00,a07,112,Amazfit Helio Strap,false,false,,
2026-10-03T22:39:50-04:00,a07,113,Amazfit Helio Strap,false,false,,
2026-10-03T22:39:51-04:00,a07,112,Amazfit Helio Strap,false,false,,
2026-10-03T22:39:52-04:00,a07,112,Amazfit Helio Strap,false,false,,
2026-10-03T22:39:53-04:00,a07,112,Amazfit Helio Strap,false,false,,
2026-10-03T22:39:54-04:00,a07,111,Amazfit Helio Strap,false,false,,
2026-10-03T22:39:55-04:00,a07,110,Amazfit Helio Strap,false,false,,
2026-10-03T22:39:56-04:00,a07,106,Amazfit Helio Strap,false,false,,
2026-10-03T22:39:57-04:00,a07,106,Amazfit Helio Strap,false,false,,
2026-10-03T22:39:58-04:00,a07,105,Amazfit Helio Strap,false,false,,
2026-10-03T22:39:59-04:00,a07,102,Amazfit Helio Strap,false,false,,
2026-10-03T22:40:00-04:00,a07,101,Amazfit Helio Strap,false,false,,
2026-10-03T22:40:01-04:00,a07,100,Amazfit Helio Strap,false,false,,
2026-10-03T22:40:02-04:00,a07,96,Amazfit Helio Strap,false,false,,
2026-10-03T22:40:03-04:00,a07,93,Amazfit Helio Strap,false,false,,
2026-10-03T22:40:04-04:00,a07,96,Amazfit Helio Strap,false,false,,
2026-10-03T22:40:05-04:00,a07,98,Amazfit Helio Strap,false,false,,
2026-10-03T22:40:06-04:00,a07,97,Amazfit Helio Strap,false,false,,
2026-10-03T22:40:07-04:00,a07,97,Amazfit Helio Strap,false,false,,
2026-10-03T22:40:08-04:00,a07,96,Amazfit Helio Strap,false,false,,
2026-10-03T22:40:09-04:00,a07,94,Amazfit Helio Strap,false,false,,
2026-10-03T22:40:10-04:00,a07,93,Amazfit Helio Strap,false,false,,
2026-10-03T22:40:11-04:00,a07,92,Amazfit Helio Strap,false,false,,
2026-10-03T22:40:12-04:00,a07,91,Amazfit Helio Strap,false,false,,
2026-10-03T22:40:13-04:00,a07,89,Amazfit Helio Strap,false,false,,
2026-10-03T22:40:14-04:00,a07,89,Amazfit Helio Strap,false,false,,
2026-10-03T22:40:15-04:00,a07,88,Amazfit Helio Strap,false,false,,
2026-10-03T22:40:16-04:00,a07,88,Amazfit Helio Strap,false,false,,
2026-10-03T22:40:17-04:00,a07,88,Amazfit Helio Strap,false,false,,
2026-10-03T22:40:18-04:00,a07,87,Amazfit Helio Strap,false,false,,
2026-10-03T22:40:19-04:00,a07,86,Amazfit Helio Strap,false,false,,
2026-10-03T22:40:20-04:00,a07,85,Amazfit Helio Strap,false,false,,
2026-10-03T22:40:21-04:00,a07,83,Amazfit Helio Strap,false,false,,
2026-10-03T22:40:22-04:00,a07,81,Amazfit Helio Strap,false,false,,
2026-10-03T22:40:23-04:00,a07,80,Amazfit Helio Strap,false,false,,
2026-10-03T22:40:24-04:00,a07,79,Amazfit Helio Strap,false,false,,
2026-10-03T22:40:25-04:00,a07,79,Amazfit Helio Strap,false,false,,
2026-10-03T22:40:26-04:00,a07,79,Amazfit Helio Strap,false,false,,
2026-10-03T22:40:27-04:00,a07,80,Amazfit Helio Strap,false,false,,
2026-10-03T22:40:28-04:00,a07,80,Amazfit Helio Strap,false,false,,
2026-10-03T22:40:29-04:00,a07,80,Amazfit Helio Strap,false,false,,
2026-10-03T22:40:30-04:00,a07,80,Amazfit Helio Strap,false,false,,
2026-10-03T22:40:31-04:00,a07,82,Amazfit Helio Strap,false,false,,
2026-10-03T22:40:32-04:00,a07,81,Amazfit Helio Strap,false,false,,
2026-10-03T22:40:33-04:00,a07,82,Amazfit Helio Strap,false,false,,
2026-10-03T22:40:35-04:00,a07,82,Amazfit Helio Strap,false,false,,
2026-10-03T22:40:35-04:00,a07,82,Amazfit Helio Strap,false,false,,
2026-10-03T22:40:36-04:00,a07,81,Amazfit Helio Strap,false,false,,
2026-10-03T22:40:37-04:00,a07,81,Amazfit Helio Strap,false,false,,
2026-10-03T22:40:38-04:00,a07,83,Amazfit Helio Strap,false,false,,
2026-10-03T22:40:39-04:00,a07,86,Amazfit Helio Strap,false,false,,
2026-10-03T22:40:40-04:00,a07,90,Amazfit Helio Strap,false,false,,
2026-10-03T22:40:41-04:00,a07,89,Amazfit Helio Strap,false,false,,
2026-10-03T22:40:42-04:00,a07,88,Amazfit Helio Strap,false,false,,
2026-10-03T22:40:43-04:00,a07,87,Amazfit Helio Strap,false,false,,
2026-10-03T22:40:44-04:00,a07,85,Amazfit Helio Strap,false,false,,
2026-10-03T22:40:45-04:00,a07,83,Amazfit Helio Strap,false,false,,
2026-10-03T22:40:46-04:00,a07,82,Amazfit Helio Strap,false,false,,
2026-10-03T22:40:47-04:00,a07,83,Amazfit Helio Strap,false,false,,
2026-10-03T22:40:48-04:00,a07,82,Amazfit Helio Strap,false,false,,
2026-10-03T22:40:49-04:00,a07,83,Amazfit Helio Strap,false,false,,
2026-10-03T22:40:50-04:00,a07,82,Amazfit Helio Strap,false,false,,
2026-10-03T22:40:51-04:00,a07,83,Amazfit Helio Strap,false,false,,
2026-10-03T22:40:52-04:00,a07,83,Amazfit Helio Strap,false,false,,
2026-10-03T22:40:53-04:00,a07,84,Amazfit Helio Strap,false,false,,
2026-10-03T22:40:54-04:00,a07,84,Amazfit Helio Strap,false,false,,
2026-10-03T22:40:55-04:00,a07,83,Amazfit Helio Strap,false,false,,
2026-10-03T22:40:56-04:00,a07,84,Amazfit Helio Strap,false,false,,
2026-10-03T22:40:57-04:00,a07,84,Amazfit Helio Strap,false,false,,
2026-10-03T22:40:58-04:00,a07,84,Amazfit Helio Strap,false,false,,
2026-10-03T22:40:59-04:00,a07,84,Amazfit Helio Strap,false,false,,
2026-10-03T22:41:00-04:00,a07,83,Amazfit Helio Strap,false,false,,
2026-10-03T22:41:01-04:00,a07,82,Amazfit Helio Strap,false,false,,
2026-10-03T22:41:02-04:00,a07,82,Amazfit Helio Strap,false,false,,
2026-10-03T22:41:03-04:00,a07,82,Amazfit Helio Strap,false,false,,
2026-10-03T22:41:04-04:00,a07,83,Amazfit Helio Strap,false,false,,
2026-10-03T22:41:05-04:00,a07,83,Amazfit Helio Strap,false,false,,
2026-10-03T22:41:06-04:00,a07,83,Amazfit Helio Strap,false,false,,
2026-10-03T22:41:07-04:00,a07,82,Amazfit Helio Strap,false,false,,
2026-10-03T22:41:08-04:00,a07,80,Amazfit Helio Strap,false,false,,
2026-10-03T22:41:09-04:00,a07,79,Amazfit Helio Strap,false,false,,
2026-10-03T22:41:10-04:00,a07,79,Amazfit Helio Strap,false,false,,
2026-10-03T22:41:11-04:00,a07,78,Amazfit Helio Strap,false,false,,
2026-10-03T22:41:12-04:00,a07,79,Amazfit Helio Strap,false,false,,
2026-10-03T22:41:13-04:00,a07,80,Amazfit Helio Strap,false,false,,
2026-10-03T22:41:14-04:00,a07,80,Amazfit Helio Strap,false,false,,
2026-10-03T22:41:15-04:00,a07,79,Amazfit Helio Strap,false,false,,
2026-10-03T22:41:16-04:00,a07,79,Amazfit Helio Strap,false,false,,
2026-10-03T22:41:17-04:00,a07,79,Amazfit Helio Strap,false,false,,
2026-10-03T22:41:18-04:00,a07,79,Amazfit Helio Strap,false,false,,
2026-10-03T22:41:19-04:00,a07,79,Amazfit Helio Strap,false,false,,
2026-10-03T22:41:20-04:00,a07,80,Amazfit Helio Strap,false,false,,
2026-10-03T22:41:21-04:00,a07,80,Amazfit Helio Strap,false,false,,
2026-10-03T22:41:22-04:00,a07,80,Amazfit Helio Strap,false,false,,
2026-10-03T22:41:23-04:00,a07,80,Amazfit Helio Strap,false,false,,
2026-10-03T22:41:24-04:00,a07,80,Amazfit Helio Strap,false,false,,
2026-10-03T22:41:25-04:00,a07,80,Amazfit Helio Strap,false,false,,
2026-10-03T22:41:26-04:00,a07,79,Amazfit Helio Strap,false,false,,
2026-10-03T22:41:27-04:00,a07,79,Amazfit Helio Strap,false,false,,
2026-10-03T22:41:28-04:00,a07,80,Amazfit Helio Strap,false,false,,
2026-10-03T22:41:29-04:00,a07,80,Amazfit Helio Strap,false,false,,
2026-10-03T22:41:30-04:00,a07,80,Amazfit Helio Strap,false,false,,
2026-10-03T22:41:31-04:00,a07,81,Amazfit Helio Strap,false,false,,
2026-10-03T22:41:32-04:00,a07,81,Amazfit Helio Strap,false,false,,
2026-10-03T22:41:33-04:00,a07,82,Amazfit Helio Strap,false,false,,
2026-10-03T22:41:34-04:00,a07,82,Amazfit Helio Strap,false,false,,
2026-10-03T22:41:35-04:00,a07,81,Amazfit Helio Strap,false,false,,
2026-10-03T22:41:36-04:00,a07,81,Amazfit Helio Strap,false,false,,
2026-10-03T22:41:37-04:00,a07,81,Amazfit Helio Strap,false,false,,
2026-10-03T22:41:38-04:00,a07,81,Amazfit Helio Strap,false,false,,
2026-10-03T22:41:39-04:00,a07,82,Amazfit Helio Strap,false,false,,
2026-10-03T22:41:40-04:00,a07,84,Amazfit Helio Strap,false,false,,
2026-10-03T22:41:41-04:00,a07,85,Amazfit Helio Strap,false,false,,
2026-10-03T22:41:42-04:00,a07,84,Amazfit Helio Strap,false,false,,
2026-10-03T22:41:43-04:00,a07,86,Amazfit Helio Strap,false,false,,
2026-10-03T22:41:44-04:00,a07,87,Amazfit Helio Strap,false,false,,
2026-10-03T22:41:45-04:00,a07,89,Amazfit Helio Strap,false,false,,
2026-10-03T22:41:46-04:00,a07,93,Amazfit Helio Strap,false,false,,
2026-10-03T22:41:47-04:00,a07,95,Amazfit Helio Strap,false,false,,
2026-10-03T22:41:48-04:00,a07,97,Amazfit Helio Strap,false,false,,
2026-10-03T22:41:49-04:00,a07,98,Amazfit Helio Strap,false,false,,
2026-10-03T22:41:50-04:00,a07,98,Amazfit Helio Strap,false,false,,
2026-10-03T22:41:51-04:00,a07,97,Amazfit Helio Strap,false,false,,
2026-10-03T22:41:52-04:00,a07,96,Amazfit Helio Strap,false,false,,
2026-10-03T22:41:53-04:00,a07,93,Amazfit Helio Strap,false,false,,
2026-10-03T22:41:54-04:00,a07,93,Amazfit Helio Strap,false,false,,
2026-10-03T22:41:55-04:00,a07,93,Amazfit Helio Strap,false,false,,
2026-10-03T22:41:56-04:00,a07,93,Amazfit Helio Strap,false,false,,
2026-10-03T22:41:57-04:00,a07,94,Amazfit Helio Strap,false,false,,
2026-10-03T22:41:58-04:00,a07,94,Amazfit Helio Strap,false,false,,
2026-10-03T22:41:59-04:00,a07,94,Amazfit Helio Strap,false,false,,
2026-10-03T22:42:00-04:00,a07,92,Amazfit Helio Strap,false,false,,
2026-10-03T22:42:01-04:00,a07,92,Amazfit Helio Strap,false,false,,
2026-10-03T22:42:02-04:00,a07,90,Amazfit Helio Strap,false,false,,
2026-10-03T22:42:03-04:00,a07,89,Amazfit Helio Strap,false,false,,
2026-10-03T22:42:04-04:00,a07,88,Amazfit Helio Strap,false,false,,
2026-10-03T22:42:06-04:00,a07,87,Amazfit Helio Strap,false,false,,
2026-10-03T22:42:06-04:00,a07,86,Amazfit Helio Strap,false,false,,
2026-10-03T22:42:07-04:00,a07,85,Amazfit Helio Strap,false,false,,
2026-10-03T22:42:08-04:00,a07,85,Amazfit Helio Strap,false,false,,
2026-10-03T22:42:09-04:00,a07,84,Amazfit Helio Strap,false,false,,
2026-10-03T22:42:10-04:00,a07,83,Amazfit Helio Strap,false,false,,
2026-10-03T22:42:11-04:00,a07,84,Amazfit Helio Strap,false,false,,
2026-10-03T22:42:12-04:00,a07,84,Amazfit Helio Strap,false,false,,
2026-10-03T22:42:13-04:00,a07,85,Amazfit Helio Strap,false,false,,
2026-10-03T22:42:14-04:00,a07,85,Amazfit Helio Strap,false,false,,
2026-10-03T22:42:15-04:00,a07,85,Amazfit Helio Strap,false,false,,
2026-10-03T22:42:16-04:00,a07,86,Amazfit Helio Strap,false,false,,
2026-10-03T22:42:17-04:00,a07,86,Amazfit Helio Strap,false,false,,
2026-10-03T22:42:18-04:00,a07,87,Amazfit Helio Strap,false,false,,
2026-10-03T22:42:19-04:00,a07,86,Amazfit Helio Strap,false,false,,
2026-10-03T22:42:20-04:00,a07,86,Amazfit Helio Strap,false,false,,
2026-10-03T22:42:21-04:00,a07,85,Amazfit Helio Strap,false,false,,
2026-10-03T22:42:22-04:00,a07,84,Amazfit Helio Strap,false,false,,
2026-10-03T22:42:23-04:00,a07,85,Amazfit Helio Strap,false,false,,
2026-10-03T22:42:24-04:00,a07,84,Amazfit Helio Strap,false,false,,
2026-10-03T22:42:25-04:00,a07,84,Amazfit Helio Strap,false,false,,
2026-10-03T22:42:26-04:00,a07,83,Amazfit Helio Strap,false,false,,
2026-10-03T22:42:27-04:00,a07,84,Amazfit Helio Strap,false,false,,
2026-10-03T22:42:28-04:00,a07,83,Amazfit Helio Strap,false,false,,
2026-10-03T22:42:29-04:00,a07,82,Amazfit Helio Strap,false,false,,
2026-10-03T22:42:30-04:00,a07,81,Amazfit Helio Strap,false,false,,
2026-10-03T22:42:31-04:00,a07,81,Amazfit Helio Strap,false,false,,
2026-10-03T22:42:32-04:00,a07,80,Amazfit Helio Strap,false,false,,
2026-10-03T22:42:35-04:00,a07,82,Amazfit Helio Strap,false,false,,
2026-10-03T22:42:36-04:00,a07,82,Amazfit Helio Strap,false,false,,
2026-10-03T22:42:37-04:00,a07,85,Amazfit Helio Strap,false,false,,
2026-10-03T22:42:38-04:00,a07,88,Amazfit Helio Strap,false,false,,
2026-10-03T22:42:39-04:00,a07,89,Amazfit Helio Strap,false,false,,
2026-10-03T22:42:40-04:00,a07,90,Amazfit Helio Strap,false,false,,
2026-10-03T22:42:41-04:00,a07,90,Amazfit Helio Strap,false,false,,
2026-10-03T22:42:42-04:00,a07,91,Amazfit Helio Strap,false,false,,
2026-10-03T22:42:43-04:00,a07,93,Amazfit Helio Strap,false,false,,
2026-10-03T22:42:44-04:00,a07,94,Amazfit Helio Strap,false,false,,
2026-10-03T22:42:45-04:00,a07,96,Amazfit Helio Strap,false,false,,
2026-10-03T22:42:46-04:00,a07,97,Amazfit Helio Strap,false,false,,
2026-10-03T22:42:47-04:00,a07,99,Amazfit Helio Strap,false,false,,
2026-10-03T22:42:48-04:00,a07,102,Amazfit Helio Strap,false,false,,
2026-10-03T22:42:49-04:00,a07,104,Amazfit Helio Strap,false,false,,
2026-10-03T22:42:50-04:00,a07,107,Amazfit Helio Strap,false,false,,
2026-10-03T22:42:51-04:00,a07,109,Amazfit Helio Strap,false,false,,
2026-10-03T22:42:52-04:00,a07,110,Amazfit Helio Strap,false,false,,
2026-10-03T22:42:53-04:00,a07,112,Amazfit Helio Strap,false,false,,
2026-10-03T22:42:54-04:00,a07,115,Amazfit Helio Strap,false,false,,
2026-10-03T22:42:55-04:00,a07,117,Amazfit Helio Strap,false,false,,
2026-10-03T22:42:56-04:00,a07,115,Amazfit Helio Strap,false,false,,
2026-10-03T22:42:57-04:00,a07,111,Amazfit Helio Strap,false,false,,
2026-10-03T22:42:58-04:00,a07,113,Amazfit Helio Strap,false,false,,
2026-10-03T22:42:59-04:00,a07,116,Amazfit Helio Strap,false,false,,
2026-10-03T22:43:00-04:00,a07,118,Amazfit Helio Strap,false,false,,
2026-10-03T22:43:01-04:00,a07,122,Amazfit Helio Strap,false,false,,
2026-10-03T22:43:02-04:00,a07,125,Amazfit Helio Strap,false,false,,
2026-10-03T22:43:03-04:00,a07,127,Amazfit Helio Strap,false,false,,
2026-10-03T22:43:04-04:00,a07,130,Amazfit Helio Strap,false,false,,
2026-10-03T22:43:05-04:00,a07,132,Amazfit Helio Strap,false,false,,
2026-10-03T22:43:06-04:00,a07,133,Amazfit Helio Strap,false,false,,
2026-10-03T22:43:07-04:00,a07,136,Amazfit Helio Strap,false,false,,
2026-10-03T22:43:08-04:00,a07,135,Amazfit Helio Strap,false,false,,
2026-10-03T22:43:09-04:00,a07,138,Amazfit Helio Strap,false,false,,
2026-10-03T22:43:10-04:00,a07,138,Amazfit Helio Strap,false,false,,
2026-10-03T22:43:11-04:00,a07,136,Amazfit Helio Strap,false,false,,
2026-10-03T22:43:12-04:00,a07,143,Amazfit Helio Strap,false,false,,
2026-10-03T22:43:13-04:00,a07,144,Amazfit Helio Strap,false,false,,
2026-10-03T22:43:14-04:00,a07,140,Amazfit Helio Strap,false,false,,
2026-10-03T22:43:15-04:00,a07,140,Amazfit Helio Strap,false,false,,
2026-10-03T22:43:16-04:00,a07,138,Amazfit Helio Strap,false,false,,
2026-10-03T22:43:17-04:00,a07,138,Amazfit Helio Strap,false,false,,
2026-10-03T22:43:18-04:00,a07,139,Amazfit Helio Strap,false,false,,
2026-10-03T22:43:19-04:00,a07,137,Amazfit Helio Strap,false,false,,
2026-10-03T22:43:20-04:00,a07,137,Amazfit Helio Strap,false,false,,
2026-10-03T22:43:21-04:00,a07,136,Amazfit Helio Strap,false,false,,
2026-10-03T22:43:22-04:00,a07,135,Amazfit Helio Strap,false,false,,
2026-10-03T22:43:23-04:00,a07,137,Amazfit Helio Strap,false,false,,
2026-10-03T22:43:24-04:00,a07,139,Amazfit Helio Strap,false,false,,
2026-10-03T22:43:25-04:00,a07,137,Amazfit Helio Strap,false,false,,
2026-10-03T22:43:26-04:00,a07,135,Amazfit Helio Strap,false,false,,
2026-10-03T22:43:27-04:00,a07,135,Amazfit Helio Strap,false,false,,
2026-10-03T22:43:28-04:00,a07,132,Amazfit Helio Strap,false,false,,
2026-10-03T22:43:29-04:00,a07,134,Amazfit Helio Strap,false,false,,
2026-10-03T22:43:30-04:00,a07,132,Amazfit Helio Strap,false,false,,
2026-10-03T22:43:31-04:00,a07,134,Amazfit Helio Strap,false,false,,
2026-10-03T22:43:32-04:00,a07,135,Amazfit Helio Strap,false,false,,
2026-10-03T22:43:33-04:00,a07,135,Amazfit Helio Strap,false,false,,
2026-10-03T22:43:34-04:00,a07,136,Amazfit Helio Strap,false,false,,
2026-10-03T22:43:35-04:00,a07,134,Amazfit Helio Strap,false,false,,
2026-10-03T22:43:37-04:00,a07,136,Amazfit Helio Strap,false,false,,
2026-10-03T22:43:37-04:00,a07,151,Amazfit Helio Strap,false,false,,
2026-10-03T22:43:38-04:00,a07,177,Amazfit Helio Strap,false,false,,
2026-10-03T22:43:39-04:00,a07,177,Amazfit Helio Strap,false,false,,
2026-10-03T22:43:41-04:00,a07,175,Amazfit Helio Strap,false,false,,
2026-10-03T22:43:41-04:00,a07,173,Amazfit Helio Strap,false,false,,
2026-10-03T22:43:42-04:00,a07,172,Amazfit Helio Strap,false,false,,
2026-10-03T22:43:43-04:00,a07,169,Amazfit Helio Strap,false,false,,
2026-10-03T22:43:44-04:00,a07,167,Amazfit Helio Strap,false,false,,
2026-10-03T22:43:45-04:00,a07,165,Amazfit Helio Strap,false,false,,
2026-10-03T22:43:46-04:00,a07,165,Amazfit Helio Strap,false,false,,
2026-10-03T22:43:47-04:00,a07,164,Amazfit Helio Strap,false,false,,
2026-10-03T22:43:48-04:00,a07,163,Amazfit Helio Strap,false,false,,
2026-10-03T22:43:49-04:00,a07,161,Amazfit Helio Strap,false,false,,
2026-10-03T22:43:50-04:00,a07,159,Amazfit Helio Strap,false,false,,
2026-10-03T22:43:51-04:00,a07,157,Amazfit Helio Strap,false,false,,
2026-10-03T22:43:52-04:00,a07,155,Amazfit Helio Strap,false,false,,
2026-10-03T22:43:53-04:00,a07,152,Amazfit Helio Strap,false,false,,
2026-10-03T22:43:54-04:00,a07,151,Amazfit Helio Strap,false,false,,
2026-10-03T22:43:56-04:00,a07,149,Amazfit Helio Strap,false,false,,
2026-10-03T22:43:57-04:00,a07,149,Amazfit Helio Strap,false,false,,
2026-10-03T22:43:57-04:00,a07,148,Amazfit Helio Strap,false,false,,
2026-10-03T22:43:58-04:00,a07,148,Amazfit Helio Strap,false,false,,
2026-10-03T22:43:59-04:00,a07,148,Amazfit Helio Strap,false,false,,
2026-10-03T22:44:00-04:00,a07,148,Amazfit Helio Strap,false,false,,
2026-10-03T22:44:01-04:00,a07,148,Amazfit Helio Strap,false,false,,
2026-10-03T22:44:02-04:00,a07,147,Amazfit Helio Strap,false,false,,
2026-10-03T22:44:03-04:00,a07,146,Amazfit Helio Strap,false,false,,
2026-10-03T22:44:04-04:00,a07,144,Amazfit Helio Strap,false,false,,
2026-10-03T22:44:06-04:00,a07,142,Amazfit Helio Strap,false,false,,
2026-10-03T22:44:06-04:00,a07,141,Amazfit Helio Strap,false,false,,
2026-10-03T22:44:07-04:00,a07,139,Amazfit Helio Strap,false,false,,
2026-10-03T22:44:08-04:00,a07,137,Amazfit Helio Strap,false,false,,
2026-10-03T22:44:09-04:00,a07,135,Amazfit Helio Strap,false,false,,
2026-10-03T22:44:10-04:00,a07,133,Amazfit Helio Strap,false,false,,
2026-10-03T22:44:11-04:00,a07,131,Amazfit Helio Strap,false,false,,
2026-10-03T22:44:12-04:00,a07,130,Amazfit Helio Strap,false,false,,
2026-10-03T22:44:13-04:00,a07,129,Amazfit Helio Strap,false,false,,
2026-10-03T22:44:14-04:00,a07,128,Amazfit Helio Strap,false,false,,
2026-10-03T22:44:15-04:00,a07,127,Amazfit Helio Strap,false,false,,
2026-10-03T22:44:16-04:00,a07,125,Amazfit Helio Strap,false,false,,
2026-10-03T22:44:17-04:00,a07,125,Amazfit Helio Strap,false,false,,
2026-10-03T22:44:18-04:00,a07,124,Amazfit Helio Strap,false,false,,
2026-10-03T22:44:19-04:00,a07,123,Amazfit Helio Strap,false,false,,
2026-10-03T22:44:20-04:00,a07,122,Amazfit Helio Strap,false,false,,
2026-10-03T22:44:21-04:00,a07,119,Amazfit Helio Strap,false,false,,
2026-10-03T22:44:22-04:00,a07,118,Amazfit Helio Strap,false,false,,
2026-10-03T22:44:23-04:00,a07,117,Amazfit Helio Strap,false,false,,
2026-10-03T22:44:24-04:00,a07,114,Amazfit Helio Strap,false,false,,
2026-10-03T22:44:25-04:00,a07,111,Amazfit Helio Strap,false,false,,
2026-10-03T22:44:26-04:00,a07,108,Amazfit Helio Strap,false,false,,
2026-10-03T22:44:27-04:00,a07,107,Amazfit Helio Strap,false,false,,
2026-10-03T22:44:28-04:00,a07,109,Amazfit Helio Strap,false,false,,
2026-10-03T22:44:29-04:00,a07,111,Amazfit Helio Strap,false,false,,
2026-10-03T22:44:30-04:00,a07,117,Amazfit Helio Strap,false,false,,
2026-10-03T22:44:31-04:00,a07,118,Amazfit Helio Strap,false,false,,
2026-10-03T22:44:32-04:00,a07,119,Amazfit Helio Strap,false,false,,
2026-10-03T22:44:33-04:00,a07,120,Amazfit Helio Strap,false,false,,
2026-10-03T22:44:34-04:00,a07,121,Amazfit Helio Strap,false,false,,
2026-10-03T22:44:36-04:00,a07,121,Amazfit Helio Strap,false,false,,
2026-10-03T22:44:36-04:00,a07,121,Amazfit Helio Strap,false,false,,
2026-10-03T22:44:37-04:00,a07,121,Amazfit Helio Strap,false,false,,
2026-10-03T22:44:38-04:00,a07,124,Amazfit Helio Strap,false,false,,
2026-10-03T22:44:39-04:00,a07,127,Amazfit Helio Strap,false,false,,
2026-10-03T22:44:40-04:00,a07,129,Amazfit Helio Strap,false,false,,
2026-10-03T22:44:41-04:00,a07,129,Amazfit Helio Strap,false,false,,
2026-10-03T22:44:42-04:00,a07,131,Amazfit Helio Strap,false,false,,
2026-10-03T22:44:43-04:00,a07,131,Amazfit Helio Strap,false,false,,
2026-10-03T22:44:44-04:00,a07,132,Amazfit Helio Strap,false,false,,
2026-10-03T22:44:45-04:00,a07,131,Amazfit Helio Strap,false,false,,
2026-10-03T22:44:46-04:00,a07,131,Amazfit Helio Strap,false,false,,
2026-10-03T22:44:47-04:00,a07,131,Amazfit Helio Strap,false,false,,
2026-10-03T22:44:48-04:00,a07,133,Amazfit Helio Strap,false,false,,
2026-10-03T22:44:49-04:00,a07,134,Amazfit Helio Strap,false,false,,
2026-10-03T22:44:50-04:00,a07,136,Amazfit Helio Strap,false,false,,
2026-10-03T22:44:51-04:00,a07,138,Amazfit Helio Strap,false,false,,
2026-10-03T22:44:52-04:00,a07,139,Amazfit Helio Strap,false,false,,
2026-10-03T22:44:53-04:00,a07,140,Amazfit Helio Strap,false,false,,
2026-10-03T22:44:54-04:00,a07,142,Amazfit Helio Strap,false,false,,
2026-10-03T22:44:55-04:00,a07,144,Amazfit Helio Strap,false,false,,
2026-10-03T22:44:56-04:00,a07,145,Amazfit Helio Strap,false,false,,
2026-10-03T22:44:57-04:00,a07,144,Amazfit Helio Strap,false,false,,
2026-10-03T22:44:58-04:00,a07,145,Amazfit Helio Strap,false,false,,
2026-10-03T22:44:59-04:00,a07,147,Amazfit Helio Strap,false,false,,
2026-10-03T22:45:00-04:00,a07,147,Amazfit Helio Strap,false,false,,
2026-10-03T22:45:01-04:00,a07,150,Amazfit Helio Strap,false,false,,
2026-10-03T22:45:02-04:00,a07,153,Amazfit Helio Strap,false,false,,
2026-10-03T22:45:03-04:00,a07,154,Amazfit Helio Strap,false,false,,
2026-10-03T22:45:04-04:00,a07,154,Amazfit Helio Strap,false,false,,
2026-10-03T22:45:05-04:00,a07,155,Amazfit Helio Strap,false,false,,
2026-10-03T22:45:07-04:00,a07,155,Amazfit Helio Strap,false,false,,
2026-10-03T22:45:07-04:00,a07,155,Amazfit Helio Strap,false,false,,
2026-10-03T22:45:08-04:00,a07,156,Amazfit Helio Strap,false,false,,
2026-10-03T22:45:09-04:00,a07,155,Amazfit Helio Strap,false,false,,
2026-10-03T22:45:10-04:00,a07,155,Amazfit Helio Strap,false,false,,
2026-10-03T22:45:11-04:00,a07,155,Amazfit Helio Strap,false,false,,
2026-10-03T22:45:12-04:00,a07,156,Amazfit Helio Strap,false,false,,
2026-10-03T22:45:13-04:00,a07,160,Amazfit Helio Strap,false,false,,
2026-10-03T22:45:14-04:00,a07,161,Amazfit Helio Strap,false,false,,
2026-10-03T22:45:15-04:00,a07,163,Amazfit Helio Strap,false,false,,
2026-10-03T22:45:16-04:00,a07,165,Amazfit Helio Strap,false,false,,
2026-10-03T22:45:17-04:00,a07,164,Amazfit Helio Strap,false,false,,
2026-10-03T22:45:18-04:00,a07,166,Amazfit Helio Strap,false,false,,
2026-10-03T22:45:19-04:00,a07,169,Amazfit Helio Strap,false,false,,
2026-10-03T22:45:20-04:00,a07,169,Amazfit Helio Strap,false,false,,
2026-10-03T22:45:21-04:00,a07,169,Amazfit Helio Strap,false,false,,
2026-10-03T22:45:22-04:00,a07,171,Amazfit Helio Strap,false,false,,
2026-10-03T22:45:23-04:00,a07,173,Amazfit Helio Strap,false,false,,
2026-10-03T22:45:24-04:00,a07,172,Amazfit Helio Strap,false,false,,
2026-10-03T22:45:25-04:00,a07,172,Amazfit Helio Strap,false,false,,
2026-10-03T22:45:26-04:00,a07,173,Amazfit Helio Strap,false,false,,
2026-10-03T22:45:27-04:00,a07,173,Amazfit Helio Strap,false,false,,
2026-10-03T22:45:28-04:00,a07,173,Amazfit Helio Strap,false,false,,
2026-10-03T22:45:29-04:00,a07,173,Amazfit Helio Strap,false,false,,
2026-10-03T22:45:32-04:00,a07,171,Amazfit Helio Strap,false,false,,
2026-10-03T22:45:33-04:00,a07,172,Amazfit Helio Strap,false,false,,
2026-10-03T22:45:34-04:00,a07,170,Amazfit Helio Strap,false,false,,
2026-10-03T22:45:35-04:00,a07,168,Amazfit Helio Strap,false,false,,
2026-10-03T22:45:36-04:00,a07,166,Amazfit Helio Strap,false,false,,
2026-10-03T22:45:37-04:00,a07,164,Amazfit Helio Strap,false,false,,
2026-10-03T22:45:38-04:00,a07,162,Amazfit Helio Strap,false,false,,
2026-10-03T22:45:39-04:00,a07,160,Amazfit Helio Strap,false,false,,
2026-10-03T22:45:40-04:00,a07,158,Amazfit Helio Strap,false,false,,
2026-10-03T22:45:41-04:00,a07,153,Amazfit Helio Strap,false,false,,
2026-10-03T22:45:42-04:00,a07,166,Amazfit Helio Strap,false,false,,
2026-10-03T22:45:43-04:00,a07,169,Amazfit Helio Strap,false,false,,
2026-10-03T22:45:44-04:00,a07,167,Amazfit Helio Strap,false,false,,
2026-10-03T22:45:45-04:00,a07,163,Amazfit Helio Strap,false,false,,
2026-10-03T22:45:46-04:00,a07,161,Amazfit Helio Strap,false,false,,
2026-10-03T22:45:47-04:00,a07,164,Amazfit Helio Strap,false,false,,
2026-10-03T22:45:48-04:00,a07,163,Amazfit Helio Strap,false,false,,
2026-10-03T22:45:49-04:00,a07,161,Amazfit Helio Strap,false,false,,
2026-10-03T22:45:50-04:00,a07,160,Amazfit Helio Strap,false,false,,
2026-10-03T22:45:51-04:00,a07,160,Amazfit Helio Strap,false,false,,
2026-10-03T22:45:52-04:00,a07,159,Amazfit Helio Strap,false,false,,
2026-10-03T22:45:53-04:00,a07,157,Amazfit Helio Strap,false,false,,
2026-10-03T22:45:54-04:00,a07,156,Amazfit Helio Strap,false,false,,
2026-10-03T22:45:55-04:00,a07,154,Amazfit Helio Strap,false,false,,
2026-10-03T22:45:56-04:00,a07,152,Amazfit Helio Strap,false,false,,
2026-10-03T22:45:57-04:00,a07,150,Amazfit Helio Strap,false,false,,
2026-10-03T22:45:58-04:00,a07,148,Amazfit Helio Strap,false,false,,
2026-10-03T22:45:59-04:00,a07,146,Amazfit Helio Strap,false,false,,
2026-10-03T22:46:00-04:00,a07,144,Amazfit Helio Strap,false,false,,
2026-10-03T22:46:02-04:00,a07,143,Amazfit Helio Strap,false,false,,
2026-10-03T22:46:02-04:00,a07,142,Amazfit Helio Strap,false,false,,
2026-10-03T22:46:03-04:00,a07,142,Amazfit Helio Strap,false,false,,
2026-10-03T22:46:04-04:00,a07,142,Amazfit Helio Strap,false,false,,
2026-10-03T22:46:05-04:00,a07,142,Amazfit Helio Strap,false,false,,
2026-10-03T22:46:06-04:00,a07,141,Amazfit Helio Strap,false,false,,
2026-10-03T22:46:07-04:00,a07,140,Amazfit Helio Strap,false,false,,
2026-10-03T22:46:08-04:00,a07,141,Amazfit Helio Strap,false,false,,
2026-10-03T22:46:09-04:00,a07,140,Amazfit Helio Strap,false,false,,
2026-10-03T22:46:10-04:00,a07,139,Amazfit Helio Strap,false,false,,
2026-10-03T22:46:11-04:00,a07,139,Amazfit Helio Strap,false,false,,
2026-10-03T22:46:12-04:00,a07,138,Amazfit Helio Strap,false,false,,
2026-10-03T22:46:13-04:00,a07,138,Amazfit Helio Strap,false,false,,
2026-10-03T22:46:14-04:00,a07,138,Amazfit Helio Strap,false,false,,
2026-10-03T22:46:15-04:00,a07,137,Amazfit Helio Strap,false,false,,
2026-10-03T22:46:16-04:00,a07,136,Amazfit Helio Strap,false,false,,
2026-10-03T22:46:17-04:00,a07,135,Amazfit Helio Strap,false,false,,
2026-10-03T22:46:18-04:00,a07,133,Amazfit Helio Strap,false,false,,
2026-10-03T22:46:19-04:00,a07,129,Amazfit Helio Strap,false,false,,
2026-10-03T22:46:20-04:00,a07,126,Amazfit Helio Strap,false,false,,
2026-10-03T22:46:21-04:00,a07,124,Amazfit Helio Strap,false,false,,
2026-10-03T22:46:22-04:00,a07,123,Amazfit Helio Strap,false,false,,
2026-10-03T22:46:23-04:00,a07,121,Amazfit Helio Strap,false,false,,
2026-10-03T22:46:24-04:00,a07,121,Amazfit Helio Strap,false,false,,
2026-10-03T22:46:25-04:00,a07,123,Amazfit Helio Strap,false,false,,
2026-10-03T22:46:26-04:00,a07,126,Amazfit Helio Strap,false,false,,
2026-10-03T22:46:27-04:00,a07,128,Amazfit Helio Strap,false,false,,
2026-10-03T22:46:28-04:00,a07,131,Amazfit Helio Strap,false,false,,
2026-10-03T22:46:29-04:00,a07,129,Amazfit Helio Strap,false,false,,
2026-10-03T22:46:30-04:00,a07,129,Amazfit Helio Strap,false,false,,
2026-10-03T22:46:31-04:00,a07,128,Amazfit Helio Strap,false,false,,
2026-10-03T22:46:32-04:00,a07,128,Amazfit Helio Strap,false,false,,
2026-10-03T22:46:33-04:00,a07,128,Amazfit Helio Strap,false,false,,
2026-10-03T22:46:34-04:00,a07,128,Amazfit Helio Strap,false,false,,
2026-10-03T22:46:35-04:00,a07,131,Amazfit Helio Strap,false,false,,
2026-10-03T22:46:36-04:00,a07,131,Amazfit Helio Strap,false,false,,
2026-10-03T22:46:38-04:00,a07,132,Amazfit Helio Strap,false,false,,
2026-10-03T22:46:38-04:00,a07,135,Amazfit Helio Strap,false,false,,
2026-10-03T22:46:39-04:00,a07,136,Amazfit Helio Strap,false,false,,
2026-10-03T22:46:40-04:00,a07,139,Amazfit Helio Strap,false,false,,
2026-10-03T22:46:41-04:00,a07,138,Amazfit Helio Strap,false,false,,
2026-10-03T22:46:42-04:00,a07,138,Amazfit Helio Strap,false,false,,
2026-10-03T22:46:43-04:00,a07,137,Amazfit Helio Strap,false,false,,
2026-10-03T22:46:44-04:00,a07,136,Amazfit Helio Strap,false,false,,
2026-10-03T22:46:45-04:00,a07,136,Amazfit Helio Strap,false,false,,
2026-10-03T22:46:46-04:00,a07,137,Amazfit Helio Strap,false,false,,
2026-10-03T22:46:47-04:00,a07,136,Amazfit Helio Strap,false,false,,
2026-10-03T22:46:48-04:00,a07,136,Amazfit Helio Strap,false,false,,
2026-10-03T22:46:49-04:00,a07,136,Amazfit Helio Strap,false,false,,
2026-10-03T22:46:50-04:00,a07,137,Amazfit Helio Strap,false,false,,
2026-10-03T22:46:51-04:00,a07,136,Amazfit Helio Strap,false,false,,
2026-10-03T22:46:52-04:00,a07,137,Amazfit Helio Strap,false,false,,
2026-10-03T22:46:53-04:00,a07,139,Amazfit Helio Strap,false,false,,
2026-10-03T22:46:54-04:00,a07,139,Amazfit Helio Strap,false,false,,
2026-10-03T22:46:55-04:00,a07,141,Amazfit Helio Strap,false,false,,
2026-10-03T22:46:56-04:00,a07,143,Amazfit Helio Strap,false,false,,
2026-10-03T22:46:57-04:00,a07,144,Amazfit Helio Strap,false,false,,
2026-10-03T22:46:58-04:00,a07,145,Amazfit Helio Strap,false,false,,
2026-10-03T22:46:59-04:00,a07,148,Amazfit Helio Strap,false,false,,
2026-10-03T22:47:00-04:00,a07,148,Amazfit Helio Strap,false,false,,
2026-10-03T22:47:02-04:00,a07,149,Amazfit Helio Strap,false,false,,
2026-10-03T22:47:02-04:00,a07,150,Amazfit Helio Strap,false,false,,
2026-10-03T22:47:03-04:00,a07,153,Amazfit Helio Strap,false,false,,
2026-10-03T22:47:04-04:00,a07,153,Amazfit Helio Strap,false,false,,
2026-10-03T22:47:05-04:00,a07,155,Amazfit Helio Strap,false,false,,
2026-10-03T22:47:06-04:00,a07,156,Amazfit Helio Strap,false,false,,
2026-10-03T22:47:07-04:00,a07,158,Amazfit Helio Strap,false,false,,
2026-10-03T22:47:08-04:00,a07,161,Amazfit Helio Strap,false,false,,
2026-10-03T22:47:09-04:00,a07,160,Amazfit Helio Strap,false,false,,
2026-10-03T22:47:10-04:00,a07,159,Amazfit Helio Strap,false,false,,
2026-10-03T22:47:11-04:00,a07,159,Amazfit Helio Strap,false,false,,
2026-10-03T22:47:12-04:00,a07,160,Amazfit Helio Strap,false,false,,
2026-10-03T22:47:13-04:00,a07,162,Amazfit Helio Strap,false,false,,
2026-10-03T22:47:14-04:00,a07,165,Amazfit Helio Strap,false,false,,
2026-10-03T22:47:15-04:00,a07,168,Amazfit Helio Strap,false,false,,
2026-10-03T22:47:16-04:00,a07,169,Amazfit Helio Strap,false,false,,
2026-10-03T22:47:17-04:00,a07,169,Amazfit Helio Strap,false,false,,
2026-10-03T22:47:18-04:00,a07,171,Amazfit Helio Strap,false,false,,
2026-10-03T22:47:19-04:00,a07,172,Amazfit Helio Strap,false,false,,
2026-10-03T22:47:20-04:00,a07,171,Amazfit Helio Strap,false,false,,
2026-10-03T22:47:21-04:00,a07,171,Amazfit Helio Strap,false,false,,
2026-10-03T22:47:22-04:00,a07,171,Amazfit Helio Strap,false,false,,
2026-10-03T22:47:23-04:00,a07,170,Amazfit Helio Strap,false,false,,
2026-10-03T22:47:25-04:00,a07,174,Amazfit Helio Strap,false,false,,
2026-10-03T22:47:25-04:00,a07,176,Amazfit Helio Strap,false,false,,
2026-10-03T22:47:26-04:00,a07,175,Amazfit Helio Strap,false,false,,
2026-10-03T22:47:27-04:00,a07,175,Amazfit Helio Strap,false,false,,
2026-10-03T22:47:28-04:00,a07,176,Amazfit Helio Strap,false,false,,
2026-10-03T22:47:29-04:00,a07,176,Amazfit Helio Strap,false,false,,
2026-10-03T22:47:31-04:00,a07,176,Amazfit Helio Strap,false,false,,
2026-10-03T22:47:31-04:00,a07,174,Amazfit Helio Strap,false,false,,
2026-10-03T22:47:32-04:00,a07,176,Amazfit Helio Strap,false,false,,
2026-10-03T22:47:33-04:00,a07,179,Amazfit Helio Strap,false,false,,
2026-10-03T22:47:34-04:00,a07,182,Amazfit Helio Strap,false,false,,
2026-10-03T22:47:35-04:00,a07,183,Amazfit Helio Strap,false,false,,
2026-10-03T22:47:36-04:00,a07,183,Amazfit Helio Strap,false,false,,
2026-10-03T22:47:37-04:00,a07,184,Amazfit Helio Strap,false,false,,
2026-10-03T22:47:38-04:00,a07,182,Amazfit Helio Strap,false,false,,
2026-10-03T22:47:39-04:00,a07,176,Amazfit Helio Strap,false,false,,
2026-10-03T22:47:40-04:00,a07,172,Amazfit Helio Strap,false,false,,
2026-10-03T22:47:41-04:00,a07,168,Amazfit Helio Strap,false,false,,
2026-10-03T22:47:42-04:00,a07,167,Amazfit Helio Strap,false,false,,
2026-10-03T22:47:43-04:00,a07,167,Amazfit Helio Strap,false,false,,
2026-10-03T22:47:44-04:00,a07,167,Amazfit Helio Strap,false,false,,
2026-10-03T22:47:45-04:00,a07,166,Amazfit Helio Strap,false,false,,
2026-10-03T22:47:46-04:00,a07,165,Amazfit Helio Strap,false,false,,
2026-10-03T22:47:47-04:00,a07,164,Amazfit Helio Strap,false,false,,
2026-10-03T22:47:48-04:00,a07,165,Amazfit Helio Strap,false,false,,
2026-10-03T22:47:49-04:00,a07,164,Amazfit Helio Strap,false,false,,
2026-10-03T22:47:50-04:00,a07,162,Amazfit Helio Strap,false,false,,
2026-10-03T22:47:51-04:00,a07,159,Amazfit Helio Strap,false,false,,
2026-10-03T22:47:53-04:00,a07,156,Amazfit Helio Strap,false,false,,
2026-10-03T22:47:53-04:00,a07,153,Amazfit Helio Strap,false,false,,
2026-10-03T22:47:54-04:00,a07,151,Amazfit Helio Strap,false,false,,
2026-10-03T22:47:55-04:00,a07,150,Amazfit Helio Strap,false,false,,
2026-10-03T22:47:56-04:00,a07,149,Amazfit Helio Strap,false,false,,
2026-10-03T22:47:57-04:00,a07,146,Amazfit Helio Strap,false,false,,
2026-10-03T22:47:58-04:00,a07,144,Amazfit Helio Strap,false,false,,
2026-10-03T22:47:59-04:00,a07,143,Amazfit Helio Strap,false,false,,
2026-10-03T22:48:00-04:00,a07,142,Amazfit Helio Strap,false,false,,
2026-10-03T22:48:01-04:00,a07,141,Amazfit Helio Strap,false,false,,
2026-10-03T22:48:02-04:00,a07,140,Amazfit Helio Strap,false,false,,
2026-10-03T22:48:03-04:00,a07,138,Amazfit Helio Strap,false,false,,
2026-10-03T22:48:04-04:00,a07,136,Amazfit Helio Strap,false,false,,
2026-10-03T22:48:05-04:00,a07,135,Amazfit Helio Strap,false,false,,
2026-10-03T22:48:06-04:00,a07,134,Amazfit Helio Strap,false,false,,
2026-10-03T22:48:07-04:00,a07,133,Amazfit Helio Strap,false,false,,
2026-10-03T22:48:09-04:00,a07,133,Amazfit Helio Strap,false,false,,
2026-10-03T22:48:09-04:00,a07,133,Amazfit Helio Strap,false,false,,
2026-10-03T22:48:10-04:00,a07,133,Amazfit Helio Strap,false,false,,
2026-10-03T22:48:11-04:00,a07,133,Amazfit Helio Strap,false,false,,
2026-10-03T22:48:12-04:00,a07,134,Amazfit Helio Strap,false,false,,
2026-10-03T22:48:13-04:00,a07,138,Amazfit Helio Strap,false,false,,
2026-10-03T22:48:14-04:00,a07,142,Amazfit Helio Strap,false,false,,
2026-10-03T22:48:15-04:00,a07,140,Amazfit Helio Strap,false,false,,
2026-10-03T22:48:16-04:00,a07,138,Amazfit Helio Strap,false,false,,
2026-10-03T22:48:17-04:00,a07,139,Amazfit Helio Strap,false,false,,
2026-10-03T22:48:18-04:00,a07,139,Amazfit Helio Strap,false,false,,
2026-10-03T22:48:19-04:00,a07,140,Amazfit Helio Strap,false,false,,
2026-10-03T22:48:20-04:00,a07,139,Amazfit Helio Strap,false,false,,
2026-10-03T22:48:21-04:00,a07,135,Amazfit Helio Strap,false,false,,
2026-10-03T22:48:22-04:00,a07,130,Amazfit Helio Strap,false,false,,
2026-10-03T22:48:23-04:00,a07,127,Amazfit Helio Strap,false,false,,
2026-10-03T22:48:24-04:00,a07,126,Amazfit Helio Strap,false,false,,
2026-10-03T22:48:25-04:00,a07,125,Amazfit Helio Strap,false,false,,
2026-10-03T22:48:26-04:00,a07,124,Amazfit Helio Strap,false,false,,
2026-10-03T22:48:27-04:00,a07,124,Amazfit Helio Strap,false,false,,
2026-10-03T22:48:28-04:00,a07,125,Amazfit Helio Strap,false,false,,
2026-10-03T22:48:29-04:00,a07,125,Amazfit Helio Strap,false,false,,
2026-10-03T22:48:30-04:00,a07,125,Amazfit Helio Strap,false,false,,
2026-10-03T22:48:31-04:00,a07,126,Amazfit Helio Strap,false,false,,
2026-10-03T22:48:32-04:00,a07,125,Amazfit Helio Strap,false,false,,
2026-10-03T22:48:33-04:00,a07,124,Amazfit Helio Strap,false,false,,
2026-10-03T22:48:34-04:00,a07,123,Amazfit Helio Strap,false,false,,
2026-10-03T22:48:35-04:00,a07,122,Amazfit Helio Strap,false,false,,
2026-10-03T22:48:36-04:00,a07,120,Amazfit Helio Strap,false,false,,
2026-10-03T22:48:37-04:00,a07,119,Amazfit Helio Strap,false,false,,
2026-10-03T22:48:38-04:00,a07,119,Amazfit Helio Strap,false,false,,
2026-10-03T22:48:39-04:00,a07,119,Amazfit Helio Strap,false,false,,
2026-10-03T22:48:40-04:00,a07,118,Amazfit Helio Strap,false,false,,
2026-10-03T22:48:41-04:00,a07,116,Amazfit Helio Strap,false,false,,
2026-10-03T22:48:42-04:00,a07,116,Amazfit Helio Strap,false,false,,
2026-10-03T22:48:43-04:00,a07,117,Amazfit Helio Strap,false,false,,
2026-10-03T22:48:44-04:00,a07,117,Amazfit Helio Strap,false,false,,
2026-10-03T22:48:45-04:00,a07,118,Amazfit Helio Strap,false,false,,
2026-10-03T22:48:46-04:00,a07,120,Amazfit Helio Strap,false,false,,
2026-10-03T22:48:47-04:00,a07,121,Amazfit Helio Strap,false,false,,
2026-10-03T22:48:48-04:00,a07,122,Amazfit Helio Strap,false,false,,
2026-10-03T22:48:49-04:00,a07,122,Amazfit Helio Strap,false,false,,
2026-10-03T22:48:50-04:00,a07,123,Amazfit Helio Strap,false,false,,
2026-10-03T22:48:51-04:00,a07,124,Amazfit Helio Strap,false,false,,
2026-10-03T22:48:52-04:00,a07,125,Amazfit Helio Strap,false,false,,
2026-10-03T22:48:53-04:00,a07,125,Amazfit Helio Strap,false,false,,
2026-10-03T22:48:54-04:00,a07,127,Amazfit Helio Strap,false,false,,
2026-10-03T22:48:55-04:00,a07,128,Amazfit Helio Strap,false,false,,
2026-10-03T22:48:56-04:00,a07,127,Amazfit Helio Strap,false,false,,
2026-10-03T22:48:57-04:00,a07,127,Amazfit Helio Strap,false,false,,
2026-10-03T22:48:58-04:00,a07,127,Amazfit Helio Strap,false,false,,
2026-10-03T22:48:59-04:00,a07,130,Amazfit Helio Strap,false,false,,
2026-10-03T22:49:00-04:00,a07,129,Amazfit Helio Strap,false,false,,
2026-10-03T22:49:01-04:00,a07,127,Amazfit Helio Strap,false,false,,
2026-10-03T22:49:02-04:00,a07,125,Amazfit Helio Strap,false,false,,
2026-10-03T22:49:03-04:00,a07,125,Amazfit Helio Strap,false,false,,
2026-10-03T22:49:04-04:00,a07,126,Amazfit Helio Strap,false,false,,
2026-10-03T22:49:05-04:00,a07,124,Amazfit Helio Strap,false,false,,
2026-10-03T22:49:06-04:00,a07,121,Amazfit Helio Strap,false,false,,
2026-10-03T22:49:07-04:00,a07,124,Amazfit Helio Strap,false,false,,
2026-10-03T22:49:08-04:00,a07,126,Amazfit Helio Strap,false,false,,
2026-10-03T22:49:09-04:00,a07,123,Amazfit Helio Strap,false,false,,
2026-10-03T22:49:10-04:00,a07,122,Amazfit Helio Strap,false,false,,
2026-10-03T22:49:11-04:00,a07,131,Amazfit Helio Strap,false,false,,
2026-10-03T22:49:12-04:00,a07,157,Amazfit Helio Strap,false,false,,
2026-10-03T22:49:13-04:00,a07,167,Amazfit Helio Strap,false,false,,
2026-10-03T22:49:14-04:00,a07,168,Amazfit Helio Strap,false,false,,
2026-10-03T22:49:15-04:00,a07,169,Amazfit Helio Strap,false,false,,
2026-10-03T22:49:16-04:00,a07,167,Amazfit Helio Strap,false,false,,
2026-10-03T22:49:17-04:00,a07,165,Amazfit Helio Strap,false,false,,
2026-10-03T22:49:18-04:00,a07,163,Amazfit Helio Strap,false,false,,
2026-10-03T22:49:19-04:00,a07,163,Amazfit Helio Strap,false,false,,
2026-10-03T22:49:20-04:00,a07,158,Amazfit Helio Strap,false,false,,
2026-10-03T22:49:21-04:00,a07,158,Amazfit Helio Strap,false,false,,
2026-10-03T22:49:22-04:00,a07,164,Amazfit Helio Strap,false,false,,
2026-10-03T22:49:23-04:00,a07,171,Amazfit Helio Strap,false,false,,
2026-10-03T22:49:24-04:00,a07,173,Amazfit Helio Strap,false,false,,
2026-10-03T22:49:25-04:00,a07,173,Amazfit Helio Strap,false,false,,
2026-10-03T22:49:26-04:00,a07,172,Amazfit Helio Strap,false,false,,
2026-10-03T22:49:27-04:00,a07,172,Amazfit Helio Strap,false,false,,
2026-10-03T22:49:28-04:00,a07,170,Amazfit Helio Strap,false,false,,
2026-10-03T22:49:29-04:00,a07,167,Amazfit Helio Strap,false,false,,
2026-10-03T22:49:30-04:00,a07,167,Amazfit Helio Strap,false,false,,
2026-10-03T22:49:31-04:00,a07,165,Amazfit Helio Strap,false,false,,
2026-10-03T22:49:32-04:00,a07,168,Amazfit Helio Strap,false,false,,
2026-10-03T22:49:33-04:00,a07,169,Amazfit Helio Strap,false,false,,
2026-10-03T22:49:34-04:00,a07,172,Amazfit Helio Strap,false,false,,
2026-10-03T22:49:35-04:00,a07,182,Amazfit Helio Strap,false,false,,
2026-10-03T22:49:36-04:00,a07,185,Amazfit Helio Strap,false,false,,
2026-10-03T22:49:37-04:00,a07,183,Amazfit Helio Strap,false,false,,
2026-10-03T22:49:38-04:00,a07,181,Amazfit Helio Strap,false,false,,
2026-10-03T22:49:40-04:00,a07,180,Amazfit Helio Strap,false,false,,
2026-10-03T22:49:40-04:00,a07,180,Amazfit Helio Strap,false,false,,
2026-10-03T22:49:41-04:00,a07,179,Amazfit Helio Strap,false,false,,
2026-10-03T22:49:42-04:00,a07,178,Amazfit Helio Strap,false,false,,
2026-10-03T22:49:43-04:00,a07,176,Amazfit Helio Strap,false,false,,
2026-10-03T22:49:44-04:00,a07,175,Amazfit Helio Strap,false,false,,
2026-10-03T22:49:45-04:00,a07,175,Amazfit Helio Strap,false,false,,
2026-10-03T22:49:46-04:00,a07,176,Amazfit Helio Strap,false,false,,
2026-10-03T22:49:47-04:00,a07,176,Amazfit Helio Strap,false,false,,
2026-10-03T22:49:48-04:00,a07,174,Amazfit Helio Strap,false,false,,
2026-10-03T22:49:49-04:00,a07,171,Amazfit Helio Strap,false,false,,
2026-10-03T22:49:50-04:00,a07,170,Amazfit Helio Strap,false,false,,
2026-10-03T22:49:51-04:00,a07,169,Amazfit Helio Strap,false,false,,
2026-10-03T22:49:52-04:00,a07,169,Amazfit Helio Strap,false,false,,
2026-10-03T22:49:53-04:00,a07,168,Amazfit Helio Strap,false,false,,
2026-10-03T22:49:54-04:00,a07,167,Amazfit Helio Strap,false,false,,
2026-10-03T22:49:55-04:00,a07,166,Amazfit Helio Strap,false,false,,
2026-10-03T22:49:56-04:00,a07,166,Amazfit Helio Strap,false,false,,
2026-10-03T22:49:57-04:00,a07,166,Amazfit Helio Strap,false,false,,
2026-10-03T22:49:58-04:00,a07,165,Amazfit Helio Strap,false,false,,
2026-10-03T22:49:59-04:00,a07,164,Amazfit Helio Strap,false,false,,
2026-10-03T22:50:00-04:00,a07,163,Amazfit Helio Strap,false,false,,
2026-10-03T22:50:01-04:00,a07,164,Amazfit Helio Strap,false,false,,
2026-10-03T22:50:02-04:00,a07,163,Amazfit Helio Strap,false,false,,
2026-10-03T22:50:03-04:00,a07,161,Amazfit Helio Strap,false,false,,
2026-10-03T22:50:04-04:00,a07,160,Amazfit Helio Strap,false,false,,
2026-10-03T22:50:05-04:00,a07,158,Amazfit Helio Strap,false,false,,
2026-10-03T22:50:06-04:00,a07,157,Amazfit Helio Strap,false,false,,
2026-10-03T22:50:07-04:00,a07,156,Amazfit Helio Strap,false,false,,
2026-10-03T22:50:08-04:00,a07,155,Amazfit Helio Strap,false,false,,
2026-10-03T22:50:09-04:00,a07,153,Amazfit Helio Strap,false,false,,
2026-10-03T22:50:10-04:00,a07,152,Amazfit Helio Strap,false,false,,
2026-10-03T22:50:11-04:00,a07,151,Amazfit Helio Strap,false,false,,
2026-10-03T22:50:12-04:00,a07,150,Amazfit Helio Strap,false,false,,
2026-10-03T22:50:13-04:00,a07,149,Amazfit Helio Strap,false,false,,
2026-10-03T22:50:14-04:00,a07,149,Amazfit Helio Strap,false,false,,
2026-10-03T22:50:15-04:00,a07,149,Amazfit Helio Strap,false,false,,
2026-10-03T22:50:16-04:00,a07,149,Amazfit Helio Strap,false,false,,
2026-10-03T22:50:17-04:00,a07,150,Amazfit Helio Strap,false,false,,
2026-10-03T22:50:18-04:00,a07,149,Amazfit Helio Strap,false,false,,
2026-10-03T22:50:19-04:00,a07,149,Amazfit Helio Strap,false,false,,
2026-10-03T22:50:20-04:00,a07,149,Amazfit Helio Strap,false,false,,
2026-10-03T22:50:21-04:00,a07,149,Amazfit Helio Strap,false,false,,
2026-10-03T22:50:22-04:00,a07,147,Amazfit Helio Strap,false,false,,
2026-10-03T22:50:23-04:00,a07,146,Amazfit Helio Strap,false,false,,
2026-10-03T22:50:24-04:00,a07,144,Amazfit Helio Strap,false,false,,
2026-10-03T22:50:25-04:00,a07,143,Amazfit Helio Strap,false,false,,
2026-10-03T22:50:26-04:00,a07,141,Amazfit Helio Strap,false,false,,
2026-10-03T22:50:27-04:00,a07,139,Amazfit Helio Strap,false,false,,
2026-10-03T22:50:28-04:00,a07,138,Amazfit Helio Strap,false,false,,
2026-10-03T22:50:29-04:00,a07,139,Amazfit Helio Strap,false,false,,
2026-10-03T22:50:30-04:00,a07,139,Amazfit Helio Strap,false,false,,
2026-10-03T22:50:31-04:00,a07,139,Amazfit Helio Strap,false,false,,
2026-10-03T22:50:32-04:00,a07,139,Amazfit Helio Strap,false,false,,
2026-10-03T22:50:33-04:00,a07,139,Amazfit Helio Strap,false,false,,
2026-10-03T22:50:34-04:00,a07,140,Amazfit Helio Strap,false,false,,
2026-10-03T22:50:35-04:00,a07,142,Amazfit Helio Strap,false,false,,
2026-10-03T22:50:36-04:00,a07,142,Amazfit Helio Strap,false,false,,
2026-10-03T22:50:37-04:00,a07,143,Amazfit Helio Strap,false,false,,
2026-10-03T22:50:38-04:00,a07,145,Amazfit Helio Strap,false,false,,
2026-10-03T22:50:39-04:00,a07,148,Amazfit Helio Strap,false,false,,
2026-10-03T22:50:40-04:00,a07,149,Amazfit Helio Strap,false,false,,
2026-10-03T22:50:41-04:00,a07,152,Amazfit Helio Strap,false,false,,
2026-10-03T22:50:42-04:00,a07,154,Amazfit Helio Strap,false,false,,
2026-10-03T22:50:43-04:00,a07,155,Amazfit Helio Strap,false,false,,
2026-10-03T22:50:44-04:00,a07,158,Amazfit Helio Strap,false,false,,
2026-10-03T22:50:45-04:00,a07,157,Amazfit Helio Strap,false,false,,
2026-10-03T22:50:46-04:00,a07,158,Amazfit Helio Strap,false,false,,
2026-10-03T22:50:47-04:00,a07,160,Amazfit Helio Strap,false,false,,
2026-10-03T22:50:48-04:00,a07,164,Amazfit Helio Strap,false,false,,
2026-10-03T22:50:49-04:00,a07,165,Amazfit Helio Strap,false,false,,
2026-10-03T22:50:50-04:00,a07,167,Amazfit Helio Strap,false,false,,
2026-10-03T22:50:51-04:00,a07,169,Amazfit Helio Strap,false,false,,
2026-10-03T22:50:52-04:00,a07,169,Amazfit Helio Strap,false,false,,
2026-10-03T22:50:53-04:00,a07,169,Amazfit Helio Strap,false,false,,
2026-10-03T22:50:54-04:00,a07,169,Amazfit Helio Strap,false,false,,
2026-10-03T22:50:55-04:00,a07,170,Amazfit Helio Strap,false,false,,
2026-10-03T22:50:56-04:00,a07,170,Amazfit Helio Strap,false,false,,
2026-10-03T22:50:57-04:00,a07,169,Amazfit Helio Strap,false,false,,
2026-10-03T22:50:58-04:00,a07,169,Amazfit Helio Strap,false,false,,
2026-10-03T22:51:00-04:00,a07,170,Amazfit Helio Strap,false,false,,
2026-10-03T22:51:00-04:00,a07,170,Amazfit Helio Strap,false,false,,
2026-10-03T22:51:01-04:00,a07,170,Amazfit Helio Strap,false,false,,
2026-10-03T22:51:02-04:00,a07,170,Amazfit Helio Strap,false,false,,
2026-10-03T22:51:03-04:00,a07,170,Amazfit Helio Strap,false,false,,
2026-10-03T22:51:04-04:00,a07,171,Amazfit Helio Strap,false,false,,
2026-10-03T22:51:05-04:00,a07,174,Amazfit Helio Strap,false,false,,
2026-10-03T22:51:06-04:00,a07,181,Amazfit Helio Strap,false,false,,
2026-10-03T22:51:07-04:00,a07,181,Amazfit Helio Strap,false,false,,
2026-10-03T22:51:08-04:00,a07,181,Amazfit Helio Strap,false,false,,
2026-10-03T22:51:09-04:00,a07,182,Amazfit Helio Strap,false,false,,
2026-10-03T22:51:11-04:00,a07,180,Amazfit Helio Strap,false,false,,
2026-10-03T22:51:11-04:00,a07,180,Amazfit Helio Strap,false,false,,
2026-10-03T22:51:12-04:00,a07,179,Amazfit Helio Strap,false,false,,
2026-10-03T22:51:13-04:00,a07,180,Amazfit Helio Strap,false,false,,
2026-10-03T22:51:14-04:00,a07,178,Amazfit Helio Strap,false,false,,
2026-10-03T22:51:15-04:00,a07,177,Amazfit Helio Strap,false,false,,
2026-10-03T22:51:16-04:00,a07,177,Amazfit Helio Strap,false,false,,
2026-10-03T22:51:17-04:00,a07,176,Amazfit Helio Strap,false,false,,
2026-10-03T22:51:18-04:00,a07,175,Amazfit Helio Strap,false,false,,
2026-10-03T22:51:19-04:00,a07,173,Amazfit Helio Strap,false,false,,
2026-10-03T22:51:20-04:00,a07,174,Amazfit Helio Strap,false,false,,
2026-10-03T22:51:21-04:00,a07,174,Amazfit Helio Strap,false,false,,
2026-10-03T22:51:22-04:00,a07,174,Amazfit Helio Strap,false,false,,
2026-10-03T22:51:23-04:00,a07,174,Amazfit Helio Strap,false,false,,
2026-10-03T22:51:24-04:00,a07,175,Amazfit Helio Strap,false,false,,
2026-10-03T22:51:25-04:00,a07,175,Amazfit Helio Strap,false,false,,
2026-10-03T22:51:26-04:00,a07,176,Amazfit Helio Strap,false,false,,
2026-10-03T22:51:27-04:00,a07,177,Amazfit Helio Strap,false,false,,
2026-10-03T22:51:28-04:00,a07,177,Amazfit Helio Strap,false,false,,
2026-10-03T22:51:29-04:00,a07,177,Amazfit Helio Strap,false,false,,
2026-10-03T22:51:30-04:00,a07,175,Amazfit Helio Strap,false,false,,
2026-10-03T22:51:31-04:00,a07,175,Amazfit Helio Strap,false,false,,
2026-10-03T22:51:32-04:00,a07,176,Amazfit Helio Strap,false,false,,
2026-10-03T22:51:33-04:00,a07,176,Amazfit Helio Strap,false,false,,
2026-10-03T22:51:34-04:00,a07,175,Amazfit Helio Strap,false,false,,
2026-10-03T22:51:35-04:00,a07,174,Amazfit Helio Strap,false,false,,
2026-10-03T22:51:36-04:00,a07,175,Amazfit Helio Strap,false,false,,
2026-10-03T22:51:37-04:00,a07,175,Amazfit Helio Strap,false,false,,
2026-10-03T22:51:38-04:00,a07,176,Amazfit Helio Strap,false,false,,
2026-10-03T22:51:39-04:00,a07,175,Amazfit Helio Strap,false,false,,
2026-10-03T22:51:41-04:00,a07,173,Amazfit Helio Strap,false,false,,
2026-10-03T22:51:41-04:00,a07,172,Amazfit Helio Strap,false,false,,
2026-10-03T22:51:42-04:00,a07,170,Amazfit Helio Strap,false,false,,
2026-10-03T22:51:43-04:00,a07,169,Amazfit Helio Strap,false,false,,
2026-10-03T22:51:44-04:00,a07,168,Amazfit Helio Strap,false,false,,
2026-10-03T22:51:45-04:00,a07,168,Amazfit Helio Strap,false,false,,
2026-10-03T22:51:46-04:00,a07,168,Amazfit Helio Strap,false,false,,
2026-10-03T22:51:47-04:00,a07,168,Amazfit Helio Strap,false,false,,
2026-10-03T22:51:48-04:00,a07,167,Amazfit Helio Strap,false,false,,
2026-10-03T22:51:49-04:00,a07,167,Amazfit Helio Strap,false,false,,
2026-10-03T22:51:50-04:00,a07,167,Amazfit Helio Strap,false,false,,
2026-10-03T22:51:51-04:00,a07,166,Amazfit Helio Strap,false,false,,
2026-10-03T22:51:52-04:00,a07,164,Amazfit Helio Strap,false,false,,
2026-10-03T22:51:53-04:00,a07,163,Amazfit Helio Strap,false,false,,
2026-10-03T22:51:54-04:00,a07,162,Amazfit Helio Strap,false,false,,
2026-10-03T22:51:55-04:00,a07,163,Amazfit Helio Strap,false,false,,
2026-10-03T22:51:56-04:00,a07,162,Amazfit Helio Strap,false,false,,
2026-10-03T22:51:57-04:00,a07,162,Amazfit Helio Strap,false,false,,
2026-10-03T22:51:58-04:00,a07,162,Amazfit Helio Strap,false,false,,
2026-10-03T22:51:59-04:00,a07,162,Amazfit Helio Strap,false,false,,
2026-10-03T22:52:00-04:00,a07,161,Amazfit Helio Strap,false,false,,
2026-10-03T22:52:01-04:00,a07,161,Amazfit Helio Strap,false,false,,
2026-10-03T22:52:02-04:00,a07,162,Amazfit Helio Strap,false,false,,
2026-10-03T22:52:03-04:00,a07,162,Amazfit Helio Strap,false,false,,
2026-10-03T22:52:04-04:00,a07,163,Amazfit Helio Strap,false,false,,
2026-10-03T22:52:05-04:00,a07,164,Amazfit Helio Strap,false,false,,
2026-10-03T22:52:06-04:00,a07,165,Amazfit Helio Strap,false,false,,
2026-10-03T22:52:07-04:00,a07,166,Amazfit Helio Strap,false,false,,
2026-10-03T22:52:08-04:00,a07,167,Amazfit Helio Strap,false,false,,
2026-10-03T22:52:09-04:00,a07,167,Amazfit Helio Strap,false,false,,
2026-10-03T22:52:10-04:00,a07,166,Amazfit Helio Strap,false,false,,
2026-10-03T22:52:11-04:00,a07,166,Amazfit Helio Strap,false,false,,
2026-10-03T22:52:12-04:00,a07,166,Amazfit Helio Strap,false,false,,
2026-10-03T22:52:13-04:00,a07,167,Amazfit Helio Strap,false,false,,
2026-10-03T22:52:14-04:00,a07,167,Amazfit Helio Strap,false,false,,
2026-10-03T22:52:15-04:00,a07,167,Amazfit Helio Strap,false,false,,
2026-10-03T22:52:16-04:00,a07,167,Amazfit Helio Strap,false,false,,
2026-10-03T22:52:17-04:00,a07,167,Amazfit Helio Strap,false,false,,
2026-10-03T22:52:18-04:00,a07,168,Amazfit Helio Strap,false,false,,
2026-10-03T22:52:19-04:00,a07,168,Amazfit Helio Strap,false,false,,
2026-10-03T22:52:20-04:00,a07,168,Amazfit Helio Strap,false,false,,
2026-10-03T22:52:21-04:00,a07,168,Amazfit Helio Strap,false,false,,
2026-10-03T22:52:22-04:00,a07,168,Amazfit Helio Strap,false,false,,
2026-10-03T22:52:23-04:00,a07,169,Amazfit Helio Strap,false,false,,
2026-10-03T22:52:24-04:00,a07,166,Amazfit Helio Strap,false,false,,
2026-10-03T22:52:25-04:00,a07,165,Amazfit Helio Strap,false,false,,
2026-10-03T22:52:26-04:00,a07,167,Amazfit Helio Strap,false,false,,
2026-10-03T22:52:27-04:00,a07,169,Amazfit Helio Strap,false,false,,
2026-10-03T22:52:28-04:00,a07,169,Amazfit Helio Strap,false,false,,
2026-10-03T22:52:29-04:00,a07,169,Amazfit Helio Strap,false,false,,
2026-10-03T22:52:30-04:00,a07,169,Amazfit Helio Strap,false,false,,
2026-10-03T22:52:31-04:00,a07,170,Amazfit Helio Strap,false,false,,
2026-10-03T22:52:32-04:00,a07,170,Amazfit Helio Strap,false,false,,
2026-10-03T22:52:33-04:00,a07,170,Amazfit Helio Strap,false,false,,
2026-10-03T22:52:34-04:00,a07,167,Amazfit Helio Strap,false,false,,
2026-10-03T22:52:35-04:00,a07,167,Amazfit Helio Strap,false,false,,
2026-10-03T22:52:36-04:00,a07,168,Amazfit Helio Strap,false,false,,
2026-10-03T22:52:37-04:00,a07,169,Amazfit Helio Strap,false,false,,
2026-10-03T22:52:38-04:00,a07,171,Amazfit Helio Strap,false,false,,
2026-10-03T22:52:39-04:00,a07,171,Amazfit Helio Strap,false,false,,
2026-10-03T22:52:40-04:00,a07,166,Amazfit Helio Strap,false,false,,
2026-10-03T22:52:42-04:00,a07,163,Amazfit Helio Strap,false,false,,
2026-10-03T22:52:42-04:00,a07,160,Amazfit Helio Strap,false,false,,
2026-10-03T22:52:43-04:00,a07,159,Amazfit Helio Strap,false,false,,
2026-10-03T22:52:44-04:00,a07,157,Amazfit Helio Strap,false,false,,
2026-10-03T22:52:45-04:00,a07,155,Amazfit Helio Strap,false,false,,
2026-10-03T22:52:46-04:00,a07,154,Amazfit Helio Strap,false,false,,
2026-10-03T22:52:47-04:00,a07,153,Amazfit Helio Strap,false,false,,
2026-10-03T22:52:48-04:00,a07,153,Amazfit Helio Strap,false,false,,
2026-10-03T22:52:49-04:00,a07,151,Amazfit Helio Strap,false,false,,
2026-10-03T22:52:50-04:00,a07,148,Amazfit Helio Strap,false,false,,
2026-10-03T22:52:51-04:00,a07,147,Amazfit Helio Strap,false,false,,
2026-10-03T22:52:52-04:00,a07,145,Amazfit Helio Strap,false,false,,
2026-10-03T22:52:53-04:00,a07,144,Amazfit Helio Strap,false,false,,
2026-10-03T22:52:54-04:00,a07,142,Amazfit Helio Strap,false,false,,
2026-10-03T22:52:55-04:00,a07,141,Amazfit Helio Strap,false,false,,
2026-10-03T22:52:56-04:00,a07,140,Amazfit Helio Strap,false,false,,
2026-10-03T22:52:57-04:00,a07,139,Amazfit Helio Strap,false,false,,
2026-10-03T22:52:58-04:00,a07,138,Amazfit Helio Strap,false,false,,
2026-10-03T22:52:59-04:00,a07,138,Amazfit Helio Strap,false,false,,
2026-10-03T22:53:00-04:00,a07,136,Amazfit Helio Strap,false,false,,
2026-10-03T22:53:01-04:00,a07,135,Amazfit Helio Strap,false,false,,
2026-10-03T22:53:02-04:00,a07,133,Amazfit Helio Strap,false,false,,
2026-10-03T22:53:03-04:00,a07,132,Amazfit Helio Strap,false,false,,
2026-10-03T22:53:04-04:00,a07,130,Amazfit Helio Strap,false,false,,
2026-10-03T22:53:05-04:00,a07,127,Amazfit Helio Strap,false,false,,
2026-10-03T22:53:06-04:00,a07,126,Amazfit Helio Strap,false,false,,
2026-10-03T22:53:07-04:00,a07,125,Amazfit Helio Strap,false,false,,
2026-10-03T22:53:08-04:00,a07,123,Amazfit Helio Strap,false,false,,
2026-10-03T22:53:09-04:00,a07,122,Amazfit Helio Strap,false,false,,
2026-10-03T22:53:10-04:00,a07,122,Amazfit Helio Strap,false,false,,
2026-10-03T22:53:11-04:00,a07,123,Amazfit Helio Strap,false,false,,
2026-10-03T22:53:12-04:00,a07,122,Amazfit Helio Strap,false,false,,
2026-10-03T22:53:13-04:00,a07,122,Amazfit Helio Strap,false,false,,
2026-10-03T22:53:14-04:00,a07,122,Amazfit Helio Strap,false,false,,
2026-10-03T22:53:15-04:00,a07,122,Amazfit Helio Strap,false,false,,
2026-10-03T22:53:16-04:00,a07,122,Amazfit Helio Strap,false,false,,
2026-10-03T22:53:17-04:00,a07,121,Amazfit Helio Strap,false,false,,
2026-10-03T22:53:18-04:00,a07,121,Amazfit Helio Strap,false,false,,
2026-10-03T22:53:19-04:00,a07,120,Amazfit Helio Strap,false,false,,
2026-10-03T22:53:20-04:00,a07,119,Amazfit Helio Strap,false,false,,
2026-10-03T22:53:21-04:00,a07,119,Amazfit Helio Strap,false,false,,
2026-10-03T22:53:22-04:00,a07,120,Amazfit Helio Strap,false,false,,
2026-10-03T22:53:23-04:00,a07,124,Amazfit Helio Strap,false,false,,
2026-10-03T22:53:24-04:00,a07,125,Amazfit Helio Strap,false,false,,
2026-10-03T22:53:25-04:00,a07,126,Amazfit Helio Strap,false,false,,
2026-10-03T22:53:26-04:00,a07,124,Amazfit Helio Strap,false,false,,
2026-10-03T22:53:27-04:00,a07,124,Amazfit Helio Strap,false,false,,
2026-10-03T22:53:28-04:00,a07,123,Amazfit Helio Strap,false,false,,
2026-10-03T22:53:29-04:00,a07,122,Amazfit Helio Strap,false,false,,
2026-10-03T22:53:30-04:00,a07,120,Amazfit Helio Strap,false,false,,
2026-10-03T22:53:31-04:00,a07,120,Amazfit Helio Strap,false,false,,
2026-10-03T22:53:32-04:00,a07,118,Amazfit Helio Strap,false,false,,
2026-10-03T22:53:33-04:00,a07,117,Amazfit Helio Strap,false,false,,
2026-10-03T22:53:34-04:00,a07,117,Amazfit Helio Strap,false,false,,
2026-10-03T22:53:35-04:00,a07,117,Amazfit Helio Strap,false,false,,
2026-10-03T22:53:36-04:00,a07,116,Amazfit Helio Strap,false,false,,
2026-10-03T22:53:37-04:00,a07,116,Amazfit Helio Strap,false,false,,
2026-10-03T22:53:38-04:00,a07,116,Amazfit Helio Strap,false,false,,
2026-10-03T22:53:39-04:00,a07,115,Amazfit Helio Strap,false,false,,
2026-10-03T22:53:40-04:00,a07,115,Amazfit Helio Strap,false,false,,
2026-10-03T22:53:41-04:00,a07,114,Amazfit Helio Strap,false,false,,
2026-10-03T22:53:42-04:00,a07,113,Amazfit Helio Strap,false,false,,
2026-10-03T22:53:43-04:00,a07,113,Amazfit Helio Strap,false,false,,
2026-10-03T22:53:44-04:00,a07,113,Amazfit Helio Strap,false,false,,
2026-10-03T22:53:45-04:00,a07,112,Amazfit Helio Strap,false,false,,
2026-10-03T22:53:46-04:00,a07,112,Amazfit Helio Strap,false,false,,
2026-10-03T22:53:47-04:00,a07,113,Amazfit Helio Strap,false,false,,
2026-10-03T22:53:48-04:00,a07,113,Amazfit Helio Strap,false,false,,
2026-10-03T22:53:49-04:00,a07,113,Amazfit Helio Strap,false,false,,
2026-10-03T22:53:50-04:00,a07,113,Amazfit Helio Strap,false,false,,
2026-10-03T22:53:51-04:00,a07,113,Amazfit Helio Strap,false,false,,
2026-10-03T22:53:52-04:00,a07,113,Amazfit Helio Strap,false,false,,
2026-10-03T22:53:53-04:00,a07,113,Amazfit Helio Strap,false,false,,
2026-10-03T22:53:54-04:00,a07,113,Amazfit Helio Strap,false,false,,
2026-10-03T22:53:55-04:00,a07,113,Amazfit Helio Strap,false,false,,
2026-10-03T22:53:56-04:00,a07,113,Amazfit Helio Strap,false,false,,
2026-10-03T22:53:57-04:00,a07,116,Amazfit Helio Strap,false,false,,
2026-10-03T22:53:58-04:00,a07,121,Amazfit Helio Strap,false,false,,
2026-10-03T22:53:59-04:00,a07,122,Amazfit Helio Strap,false,false,,
2026-10-03T22:54:00-04:00,a07,122,Amazfit Helio Strap,false,false,,
2026-10-03T22:54:01-04:00,a07,122,Amazfit Helio Strap,false,false,,
2026-10-03T22:54:02-04:00,a07,122,Amazfit Helio Strap,false,false,,
2026-10-03T22:54:03-04:00,a07,121,Amazfit Helio Strap,false,false,,
2026-10-03T22:54:04-04:00,a07,121,Amazfit Helio Strap,false,false,,
2026-10-03T22:54:05-04:00,a07,121,Amazfit Helio Strap,false,false,,
2026-10-03T22:54:06-04:00,a07,120,Amazfit Helio Strap,false,false,,
2026-10-03T22:54:07-04:00,a07,119,Amazfit Helio Strap,false,false,,
2026-10-03T22:54:08-04:00,a07,119,Amazfit Helio Strap,false,false,,
2026-10-03T22:54:09-04:00,a07,119,Amazfit Helio Strap,false,false,,
2026-10-03T22:54:10-04:00,a07,119,Amazfit Helio Strap,false,false,,
2026-10-03T22:54:11-04:00,a07,122,Amazfit Helio Strap,false,false,,
2026-10-03T22:54:13-04:00,a07,123,Amazfit Helio Strap,false,false,,
2026-10-03T22:54:13-04:00,a07,124,Amazfit Helio Strap,false,false,,
2026-10-03T22:54:14-04:00,a07,124,Amazfit Helio Strap,false,false,,
2026-10-03T22:54:15-04:00,a07,123,Amazfit Helio Strap,false,false,,
2026-10-03T22:54:16-04:00,a07,122,Amazfit Helio Strap,false,false,,
2026-10-03T22:54:17-04:00,a07,122,Amazfit Helio Strap,false,false,,
2026-10-03T22:54:18-04:00,a07,122,Amazfit Helio Strap,false,false,,
2026-10-03T22:54:19-04:00,a07,122,Amazfit Helio Strap,false,false,,
2026-10-03T22:54:20-04:00,a07,120,Amazfit Helio Strap,false,false,,
2026-10-03T22:54:21-04:00,a07,118,Amazfit Helio Strap,false,false,,
2026-10-03T22:54:22-04:00,a07,117,Amazfit Helio Strap,false,false,,
2026-10-03T22:54:23-04:00,a07,116,Amazfit Helio Strap,false,false,,
2026-10-03T22:54:24-04:00,a07,115,Amazfit Helio Strap,false,false,,
2026-10-03T22:54:25-04:00,a07,115,Amazfit Helio Strap,false,false,,
2026-10-03T22:54:26-04:00,a07,115,Amazfit Helio Strap,false,false,,
2026-10-03T22:54:27-04:00,a07,114,Amazfit Helio Strap,false,false,,
2026-10-03T22:54:28-04:00,a07,114,Amazfit Helio Strap,false,false,,
2026-10-03T22:54:29-04:00,a07,113,Amazfit Helio Strap,false,false,,
2026-10-03T22:54:30-04:00,a07,114,Amazfit Helio Strap,false,false,,
2026-10-03T22:54:31-04:00,a07,115,Amazfit Helio Strap,false,false,,
2026-10-03T22:54:32-04:00,a07,116,Amazfit Helio Strap,false,false,,
2026-10-03T22:54:33-04:00,a07,117,Amazfit Helio Strap,false,false,,
2026-10-03T22:54:34-04:00,a07,117,Amazfit Helio Strap,false,false,,
2026-10-03T22:54:35-04:00,a07,117,Amazfit Helio Strap,false,false,,
2026-10-03T22:54:36-04:00,a07,119,Amazfit Helio Strap,false,false,,
2026-10-03T22:54:37-04:00,a07,119,Amazfit Helio Strap,false,false,,
2026-10-03T22:54:38-04:00,a07,121,Amazfit Helio Strap,false,false,,
2026-10-03T22:54:39-04:00,a07,122,Amazfit Helio Strap,false,false,,
2026-10-03T22:54:40-04:00,a07,121,Amazfit Helio Strap,false,false,,
2026-10-03T22:54:41-04:00,a07,122,Amazfit Helio Strap,false,false,,
2026-10-03T22:54:42-04:00,a07,121,Amazfit Helio Strap,false,false,,
2026-10-03T22:54:43-04:00,a07,120,Amazfit Helio Strap,false,false,,
2026-10-03T22:54:44-04:00,a07,119,Amazfit Helio Strap,false,false,,
2026-10-03T22:54:45-04:00,a07,118,Amazfit Helio Strap,false,false,,
2026-10-03T22:54:46-04:00,a07,117,Amazfit Helio Strap,false,false,,
2026-10-03T22:54:47-04:00,a07,116,Amazfit Helio Strap,false,false,,
2026-10-03T22:54:48-04:00,a07,115,Amazfit Helio Strap,false,false,,
2026-10-03T22:54:49-04:00,a07,115,Amazfit Helio Strap,false,false,,
2026-10-03T22:54:50-04:00,a07,113,Amazfit Helio Strap,false,false,,
2026-10-03T22:54:51-04:00,a07,113,Amazfit Helio Strap,false,false,,
2026-10-03T22:54:52-04:00,a07,112,Amazfit Helio Strap,false,false,,
2026-10-03T22:54:53-04:00,a07,111,Amazfit Helio Strap,false,false,,
2026-10-03T22:54:54-04:00,a07,112,Amazfit Helio Strap,false,false,,
2026-10-03T22:54:55-04:00,a07,112,Amazfit Helio Strap,false,false,,
2026-10-03T22:54:56-04:00,a07,111,Amazfit Helio Strap,false,false,,
2026-10-03T22:54:57-04:00,a07,112,Amazfit Helio Strap,false,false,,
2026-10-03T22:54:58-04:00,a07,112,Amazfit Helio Strap,false,false,,
2026-10-03T22:54:59-04:00,a07,111,Amazfit Helio Strap,false,false,,
2026-10-03T22:55:00-04:00,a07,111,Amazfit Helio Strap,false,false,,
2026-10-03T22:55:01-04:00,a07,111,Amazfit Helio Strap,false,false,,
2026-10-03T22:55:02-04:00,a07,110,Amazfit Helio Strap,false,false,,
2026-10-03T22:55:03-04:00,a07,110,Amazfit Helio Strap,false,false,,
2026-10-03T22:55:04-04:00,a07,109,Amazfit Helio Strap,false,false,,
2026-10-03T22:55:05-04:00,a07,111,Amazfit Helio Strap,false,false,,
2026-10-03T22:55:06-04:00,a07,110,Amazfit Helio Strap,false,false,,
2026-10-03T22:55:07-04:00,a07,110,Amazfit Helio Strap,false,false,,
2026-10-03T22:55:08-04:00,a07,111,Amazfit Helio Strap,false,false,,
2026-10-03T22:55:09-04:00,a07,111,Amazfit Helio Strap,false,false,,
2026-10-03T22:55:10-04:00,a07,111,Amazfit Helio Strap,false,false,,
2026-10-03T22:55:11-04:00,a07,111,Amazfit Helio Strap,false,false,,
2026-10-03T22:55:12-04:00,a07,111,Amazfit Helio Strap,false,false,,
2026-10-03T22:55:13-04:00,a07,111,Amazfit Helio Strap,false,false,,
2026-10-03T22:55:14-04:00,a07,112,Amazfit Helio Strap,false,false,,
2026-10-03T22:55:15-04:00,a07,111,Amazfit Helio Strap,false,false,,
2026-10-03T22:55:16-04:00,a07,111,Amazfit Helio Strap,false,false,,
2026-10-03T22:55:17-04:00,a07,112,Amazfit Helio Strap,false,false,,
2026-10-03T22:55:18-04:00,a07,111,Amazfit Helio Strap,false,false,,
2026-10-03T22:55:19-04:00,a07,111,Amazfit Helio Strap,false,false,,
2026-10-03T22:55:20-04:00,a07,112,Amazfit Helio Strap,false,false,,
2026-10-03T22:55:21-04:00,a07,112,Amazfit Helio Strap,false,false,,
2026-10-03T22:55:22-04:00,a07,114,Amazfit Helio Strap,false,false,,
2026-10-03T22:55:23-04:00,a07,116,Amazfit Helio Strap,false,false,,
2026-10-03T22:55:24-04:00,a07,117,Amazfit Helio Strap,false,false,,
2026-10-03T22:55:25-04:00,a07,116,Amazfit Helio Strap,false,false,,
2026-10-03T22:55:26-04:00,a07,117,Amazfit Helio Strap,false,false,,
2026-10-03T22:55:27-04:00,a07,117,Amazfit Helio Strap,false,false,,
2026-10-03T22:55:28-04:00,a07,117,Amazfit Helio Strap,false,false,,
2026-10-03T22:55:29-04:00,a07,116,Amazfit Helio Strap,false,false,,
2026-10-03T22:55:30-04:00,a07,115,Amazfit Helio Strap,false,false,,
2026-10-03T22:55:31-04:00,a07,115,Amazfit Helio Strap,false,false,,
2026-10-03T22:55:32-04:00,a07,115,Amazfit Helio Strap,false,false,,
2026-10-03T22:55:33-04:00,a07,115,Amazfit Helio Strap,false,false,,
2026-10-03T22:55:34-04:00,a07,115,Amazfit Helio Strap,false,false,,
2026-10-03T22:55:35-04:00,a07,115,Amazfit Helio Strap,false,false,,
2026-10-03T22:55:36-04:00,a07,115,Amazfit Helio Strap,false,false,,
2026-10-03T22:55:37-04:00,a07,114,Amazfit Helio Strap,false,false,,
2026-10-03T22:55:38-04:00,a07,113,Amazfit Helio Strap,false,false,,
2026-10-03T22:55:39-04:00,a07,112,Amazfit Helio Strap,false,false,,
2026-10-03T22:55:40-04:00,a07,112,Amazfit Helio Strap,false,false,,
2026-10-03T22:55:41-04:00,a07,111,Amazfit Helio Strap,false,false,,
2026-10-03T22:55:43-04:00,a07,111,Amazfit Helio Strap,false,false,,
2026-10-03T22:55:43-04:00,a07,111,Amazfit Helio Strap,false,false,,
2026-10-03T22:55:44-04:00,a07,111,Amazfit Helio Strap,false,false,,
2026-10-03T22:55:45-04:00,a07,110,Amazfit Helio Strap,false,false,,
2026-10-03T22:55:46-04:00,a07,109,Amazfit Helio Strap,false,false,,
2026-10-03T22:55:47-04:00,a07,109,Amazfit Helio Strap,false,false,,
2026-10-03T22:55:48-04:00,a07,109,Amazfit Helio Strap,false,false,,
2026-10-03T22:55:49-04:00,a07,109,Amazfit Helio Strap,false,false,,
2026-10-03T22:55:50-04:00,a07,108,Amazfit Helio Strap,false,false,,
2026-10-03T22:55:51-04:00,a07,108,Amazfit Helio Strap,false,false,,
2026-10-03T22:55:52-04:00,a07,107,Amazfit Helio Strap,false,false,,
2026-10-03T22:55:53-04:00,a07,109,Amazfit Helio Strap,false,false,,
2026-10-03T22:55:54-04:00,a07,108,Amazfit Helio Strap,false,false,,
2026-10-03T22:55:55-04:00,a07,109,Amazfit Helio Strap,false,false,,
2026-10-03T22:55:56-04:00,a07,110,Amazfit Helio Strap,false,false,,
2026-10-03T22:55:57-04:00,a07,112,Amazfit Helio Strap,false,false,,
2026-10-03T22:55:58-04:00,a07,113,Amazfit Helio Strap,false,false,,
2026-10-03T22:55:59-04:00,a07,113,Amazfit Helio Strap,false,false,,
2026-10-03T22:56:00-04:00,a07,112,Amazfit Helio Strap,false,false,,
2026-10-03T22:56:02-04:00,a07,112,Amazfit Helio Strap,false,false,,
2026-10-03T22:56:02-04:00,a07,111,Amazfit Helio Strap,false,false,,
2026-10-03T22:56:03-04:00,a07,110,Amazfit Helio Strap,false,false,,
2026-10-03T22:56:04-04:00,a07,110,Amazfit Helio Strap,false,false,,
2026-10-03T22:56:05-04:00,a07,111,Amazfit Helio Strap,false,false,,
2026-10-03T22:56:06-04:00,a07,111,Amazfit Helio Strap,false,false,,
2026-10-03T22:56:07-04:00,a07,111,Amazfit Helio Strap,false,false,,
2026-10-03T22:56:08-04:00,a07,110,Amazfit Helio Strap,false,false,,
2026-10-03T22:56:09-04:00,a07,110,Amazfit Helio Strap,false,false,,
2026-10-03T22:56:10-04:00,a07,109,Amazfit Helio Strap,false,false,,
2026-10-03T22:56:11-04:00,a07,109,Amazfit Helio Strap,false,false,,
2026-10-03T22:56:12-04:00,a07,109,Amazfit Helio Strap,false,false,,
2026-10-03T22:56:13-04:00,a07,110,Amazfit Helio Strap,false,false,,
2026-10-03T22:56:14-04:00,a07,110,Amazfit Helio Strap,false,false,,
2026-10-03T22:56:15-04:00,a07,111,Amazfit Helio Strap,false,false,,
2026-10-03T22:56:16-04:00,a07,110,Amazfit Helio Strap,false,false,,
2026-10-03T22:56:17-04:00,a07,110,Amazfit Helio Strap,false,false,,
2026-10-03T22:56:18-04:00,a07,110,Amazfit Helio Strap,false,false,,
2026-10-03T22:56:19-04:00,a07,110,Amazfit Helio Strap,false,false,,
2026-10-03T22:56:20-04:00,a07,110,Amazfit Helio Strap,false,false,,
2026-10-03T22:56:21-04:00,a07,110,Amazfit Helio Strap,false,false,,
2026-10-03T22:56:22-04:00,a07,109,Amazfit Helio Strap,false,false,,
2026-10-03T22:56:23-04:00,a07,111,Amazfit Helio Strap,false,false,,
2026-10-03T22:56:24-04:00,a07,109,Amazfit Helio Strap,false,false,,
2026-10-03T22:56:25-04:00,a07,109,Amazfit Helio Strap,false,false,,
2026-10-03T22:56:26-04:00,a07,109,Amazfit Helio Strap,false,false,,
2026-10-03T22:56:27-04:00,a07,111,Amazfit Helio Strap,false,false,,
2026-10-03T22:56:28-04:00,a07,112,Amazfit Helio Strap,false,false,,
2026-10-03T22:56:29-04:00,a07,114,Amazfit Helio Strap,false,false,,
2026-10-03T22:56:30-04:00,a07,114,Amazfit Helio Strap,false,false,,
2026-10-03T22:56:31-04:00,a07,112,Amazfit Helio Strap,false,false,,
2026-10-03T22:56:32-04:00,a07,112,Amazfit Helio Strap,false,false,,
2026-10-03T22:56:33-04:00,a07,111,Amazfit Helio Strap,false,false,,
2026-10-03T22:56:34-04:00,a07,110,Amazfit Helio Strap,false,false,,
2026-10-03T22:56:35-04:00,a07,110,Amazfit Helio Strap,false,false,,
2026-10-03T22:56:36-04:00,a07,110,Amazfit Helio Strap,false,false,,
2026-10-03T22:56:37-04:00,a07,111,Amazfit Helio Strap,false,false,,
2026-10-03T22:56:38-04:00,a07,113,Amazfit Helio Strap,false,false,,
2026-10-03T22:56:39-04:00,a07,112,Amazfit Helio Strap,false,false,,
2026-10-03T22:56:40-04:00,a07,114,Amazfit Helio Strap,false,false,,
2026-10-03T22:56:41-04:00,a07,114,Amazfit Helio Strap,false,false,,
2026-10-03T22:56:42-04:00,a07,114,Amazfit Helio Strap,false,false,,
2026-10-03T22:56:43-04:00,a07,115,Amazfit Helio Strap,false,false,,
2026-10-03T22:56:44-04:00,a07,115,Amazfit Helio Strap,false,false,,
2026-10-03T22:56:45-04:00,a07,114,Amazfit Helio Strap,false,false,,
2026-10-03T22:56:46-04:00,a07,115,Amazfit Helio Strap,false,false,,
2026-10-03T22:56:47-04:00,a07,115,Amazfit Helio Strap,false,false,,
2026-10-03T22:56:48-04:00,a07,115,Amazfit Helio Strap,false,false,,
2026-10-03T22:56:49-04:00,a07,115,Amazfit Helio Strap,false,false,,
2026-10-03T22:56:50-04:00,a07,116,Amazfit Helio Strap,false,false,,
2026-10-03T22:56:51-04:00,a07,116,Amazfit Helio Strap,false,false,,
2026-10-03T22:56:52-04:00,a07,116,Amazfit Helio Strap,false,false,,
2026-10-03T22:56:53-04:00,a07,117,Amazfit Helio Strap,false,false,,
2026-10-03T22:56:54-04:00,a07,116,Amazfit Helio Strap,false,false,,
2026-10-03T22:56:55-04:00,a07,116,Amazfit Helio Strap,false,false,,
2026-10-03T22:56:56-04:00,a07,115,Amazfit Helio Strap,false,false,,
2026-10-03T22:56:57-04:00,a07,116,Amazfit Helio Strap,false,false,,
2026-10-03T22:56:58-04:00,a07,116,Amazfit Helio Strap,false,false,,
2026-10-03T22:56:59-04:00,a07,115,Amazfit Helio Strap,false,false,,
2026-10-03T22:57:00-04:00,a07,114,Amazfit Helio Strap,false,false,,
2026-10-03T22:57:01-04:00,a07,113,Amazfit Helio Strap,false,false,,
2026-10-03T22:57:02-04:00,a07,113,Amazfit Helio Strap,false,false,,
2026-10-03T22:57:03-04:00,a07,111,Amazfit Helio Strap,false,false,,
2026-10-03T22:57:04-04:00,a07,111,Amazfit Helio Strap,false,false,,
2026-10-03T22:57:05-04:00,a07,112,Amazfit Helio Strap,false,false,,
2026-10-03T22:57:06-04:00,a07,113,Amazfit Helio Strap,false,false,,
2026-10-03T22:57:07-04:00,a07,113,Amazfit Helio Strap,false,false,,
2026-10-03T22:57:08-04:00,a07,114,Amazfit Helio Strap,false,false,,
2026-10-03T22:57:09-04:00,a07,115,Amazfit Helio Strap,false,false,,
2026-10-03T22:57:10-04:00,a07,116,Amazfit Helio Strap,false,false,,
2026-10-03T22:57:11-04:00,a07,117,Amazfit Helio Strap,false,false,,
2026-10-03T22:57:12-04:00,a07,117,Amazfit Helio Strap,false,false,,
2026-10-03T22:57:14-04:00,a07,118,Amazfit Helio Strap,false,false,,
2026-10-03T22:57:14-04:00,a07,118,Amazfit Helio Strap,false,false,,
2026-10-03T22:57:15-04:00,a07,118,Amazfit Helio Strap,false,false,,
2026-10-03T22:57:16-04:00,a07,118,Amazfit Helio Strap,false,false,,
2026-10-03T22:57:17-04:00,a07,120,Amazfit Helio Strap,false,false,,
2026-10-03T22:57:18-04:00,a07,121,Amazfit Helio Strap,false,false,,
2026-10-03T22:57:19-04:00,a07,120,Amazfit Helio Strap,false,false,,
2026-10-03T22:57:20-04:00,a07,120,Amazfit Helio Strap,false,false,,
2026-10-03T22:57:21-04:00,a07,120,Amazfit Helio Strap,false,false,,
2026-10-03T22:57:22-04:00,a07,119,Amazfit Helio Strap,false,false,,
2026-10-03T22:57:23-04:00,a07,118,Amazfit Helio Strap,false,false,,
2026-10-03T22:57:24-04:00,a07,118,Amazfit Helio Strap,false,false,,
2026-10-03T22:57:25-04:00,a07,119,Amazfit Helio Strap,false,false,,
2026-10-03T22:57:26-04:00,a07,118,Amazfit Helio Strap,false,false,,
2026-10-03T22:57:27-04:00,a07,117,Amazfit Helio Strap,false,false,,
2026-10-03T22:57:28-04:00,a07,116,Amazfit Helio Strap,false,false,,
2026-10-03T22:57:29-04:00,a07,114,Amazfit Helio Strap,false,false,,
2026-10-03T22:57:30-04:00,a07,114,Amazfit Helio Strap,false,false,,
2026-10-03T22:57:31-04:00,a07,113,Amazfit Helio Strap,false,false,,
2026-10-03T22:57:32-04:00,a07,113,Amazfit Helio Strap,false,false,,
2026-10-03T22:57:33-04:00,a07,114,Amazfit Helio Strap,false,false,,
2026-10-03T22:57:34-04:00,a07,114,Amazfit Helio Strap,false,false,,
2026-10-03T22:57:35-04:00,a07,113,Amazfit Helio Strap,false,false,,
2026-10-03T22:57:36-04:00,a07,111,Amazfit Helio Strap,false,false,,
2026-10-03T22:57:37-04:00,a07,110,Amazfit Helio Strap,false,false,,
2026-10-03T22:57:38-04:00,a07,108,Amazfit Helio Strap,false,false,,
